project_id,sector,agency,state,original_cost,land_acquisition_issue,forest_clearance_issue,contractor_delay,burn_rate_6m,phys_burn_rate_6m,target_cost_overrun_pct,target_time_overrun_months
101975,Others,Unknown Agency,Andhra Pradesh,265.91,0,0,0,32.68899042942207,8.6572006118536,1.916459549272504,0
101976,Others,Unknown Agency,Andhra Pradesh,611.8,0,0,0,60.86441533252332,10.19380281094945,4.327291012939825,0
101977,Others,Unknown Agency,Andhra Pradesh,347.15,0,0,0,40.80794825852202,11.420833010160578,0.9690298454903679,1
101978,Others,Unknown Agency,Assam,1712.0,1,0,1,488.8118735240437,16.3390740567653,41.76472182865726,54
101979,Others,Unknown Agency,Bihar,1413.0,0,0,0,195.5568558290372,10.988155320386724,0.11544777873213885,3
101980,Others,Unknown Agency,Bihar,911.66,0,0,0,106.80377004670459,10.223178040631112,-0.542779685718302,-1
101981,Others,Unknown Agency,Bihar,1216.9,0,0,0,233.1325593317972,12.183272794207014,2.7265281983440444,1
101982,Others,Unknown Agency,Goa,255.69,0,0,0,32.517308885184974,8.55161931178202,-1.8127914711602746,-1
101983,Others,Unknown Agency,Gujarat,363.1,0,0,0,16.889735716859548,4.278847925725856,3.7701243916371787,0
101984,Railways,Unknown Agency,Gujarat,1305.0,1,1,0,311.69741968855647,8.39397900374098,52.86372458731165,38
101985,Others,Unknown Agency,Delhi,861.37,1,0,0,95.31156208051686,10.928105825907295,26.30991196828357,19
101986,Others,Unknown Agency,Karnataka,320.47,0,0,0,26.39898034599696,12.015766160553973,-1.4167916884502945,0
101987,Others,Unknown Agency,Karnataka,322.45,0,0,0,42.83017169411596,11.377553439715342,0.18025495361666977,3
101988,Others,Unknown Agency,Kerala,484.57,0,1,1,28.565323374366816,4.952078339060734,28.535637671902784,36
101989,Others,Unknown Agency,Ladakh,480.0,0,0,0,38.58475015981698,11.531448203670376,-0.9530153939542285,1
101990,Others,Unknown Agency,"Karnataka, Manipur",499.0,0,0,1,47.698196935773524,11.04033908286037,12.395384515495078,22
101991,Others,Unknown Agency,"Maharashtra, Telangana, Uttar Pradesh",500.48,0,0,1,89.19534496550233,16.890666623664295,31.363625701939274,11
101992,Others,Unknown Agency,Rajasthan,1507.0,0,0,0,194.57446405533778,13.037130434441202,3.2137160027058886,2
101993,Others,Unknown Agency,Rajasthan,480.0,1,0,0,83.35983585118532,15.943037039660432,25.05910200705319,30
101994,Water Resources,Unknown Agency,Rajasthan,887.0,0,0,0,104.19741170223892,16.953215463211457,1.5645545062269557,1
101995,Others,Unknown Agency,Sikkim,323.26,0,0,0,49.30454215785704,14.987510939321083,2.511697921687695,3
101996,Others,Unknown Agency,Tamil Nadu,1207.0,0,0,0,144.01993076914056,6.535117509842305,3.9643307069708404,3
101997,Others,Unknown Agency,Uttar Pradesh,2869.65,1,0,1,341.068911468732,1.538331315273112,49.06105564830689,41
101998,Others,Unknown Agency,Uttar Pradesh,579.0,0,0,0,94.00039309687705,12.206592562991855,2.06901481072512,0
101999,Others,Unknown Agency,West Bengal,1549.0,0,0,1,158.2625495314421,11.12228629534135,15.954312744491046,14
102000,Coal,Unknown Agency,West Bengal,328.3,0,0,0,24.40408305577307,2.930318408528777,-1.6697350044863275,0
102001,Coal,Unknown Agency,Assam,159.77,0,0,0,7.495914224306603,12.106100921851933,-1.4470822291536392,1
102002,Coal,Unknown Agency,Assam,289.46,0,0,0,12.96179949147421,8.714825441483725,1.9651740080597428,0
102003,Coal,Unknown Agency,Chhattisgarh,2310.12,0,0,0,233.47696277289174,8.981875533175753,-0.4508991964063407,1
102004,Coal,Unknown Agency,Chhattisgarh,2309.8,0,0,0,395.08418016925975,14.899883359748856,-0.6420091896593294,3
102005,Coal,Unknown Agency,Chhattisgarh,5241.4,0,0,0,679.8188321369562,11.481866295756447,0.14255212435166253,-1
102006,Coal,Unknown Agency,Chhattisgarh,11816.4,0,0,1,1703.1215562213674,13.975498026552785,25.049247780162855,16
102007,Coal,Unknown Agency,Chhattisgarh,335.97,0,0,1,55.95108126173244,17.16784409431532,15.484395537167622,15
102008,Coal,Unknown Agency,Chhattisgarh,316.11,0,0,1,40.55160550897398,4.8900006586654285,26.70103839700307,11
102009,Coal,Unknown Agency,Chhattisgarh,459.49,0,0,0,100.09556234214378,14.52768041661383,4.022182602572474,2
102010,Coal,Unknown Agency,Chhattisgarh,410.26,0,0,1,53.465444440906246,9.212674243386093,19.904756140988894,11
102011,Coal,Unknown Agency,Chhattisgarh,329.21,0,0,0,27.424960278370207,12.135564490579057,-0.8898300667476611,-1
102012,Others,Unknown Agency,Chhattisgarh,1725.04,0,0,1,191.22049016051392,13.6344073059104,15.59472448518899,19
102013,Coal,Unknown Agency,Chhattisgarh,4516.88,0,0,1,446.1935786800377,7.729419818792124,19.934637311870922,16
102014,Coal,Unknown Agency,Chhattisgarh,382.61,0,0,1,51.687543682731985,12.072176865129109,21.54554799634516,22
102015,Coal,Unknown Agency,Chhattisgarh,2415.91,0,0,0,44.45318222668675,3.5863477354075286,2.7116387716461885,1
102016,Coal,Unknown Agency,Chhattisgarh,1859.19,0,0,1,234.70115051180437,12.567226713837556,27.09706593266518,18
102017,Coal,Unknown Agency,Jharkhand,859.41,0,0,1,169.74275426456995,11.720758422134217,28.92135324764154,17
102018,Coal,Unknown Agency,Jharkhand,799.34,0,0,0,38.53776636517614,10.666414731298346,4.2036801896071,-1
102019,Coal,Unknown Agency,Jharkhand,908.47,0,1,0,128.3855843508477,10.242344845912733,24.54238969186254,22
102020,Coal,Unknown Agency,Jharkhand,2660.0,0,0,0,260.24631399549503,8.331004680577351,1.5020579217957684,0
102021,Coal,Unknown Agency,Jharkhand,973.5,0,1,0,143.0140990600131,13.587978208257844,17.566804071669296,16
102022,Coal,Unknown Agency,Jharkhand,861.06,0,1,1,164.0768520193643,11.106080326073595,28.204512695728813,20
102023,Coal,Unknown Agency,Jharkhand,2242.9,0,0,0,265.542640843237,14.149223652201812,3.2272140245624286,-1
102024,Coal,Unknown Agency,Jharkhand,7254.37,0,0,0,346.0783830973369,9.842344156382822,-1.8914271009478598,2
102025,Coal,Unknown Agency,Jharkhand,778.8,0,0,0,112.97437241892521,10.845965449523732,2.044255751626486,1
102026,Coal,Unknown Agency,Jharkhand,1020.42,0,0,1,201.2301467457138,13.80328537483377,21.21687365515665,13
102027,Coal,Unknown Agency,Jharkhand,713.35,0,0,0,64.588465848749,7.665814440559156,-0.3746352064401035,1
102028,Coal,Unknown Agency,Jharkhand,2898.28,0,0,1,203.4750911421631,4.851098445621661,28.811790623190927,18
102029,Coal,Unknown Agency,Jharkhand,5136.15,1,0,1,986.1603602976897,10.426880576740068,54.20497425903402,34
102030,Coal,Unknown Agency,Jharkhand,510.85,0,0,0,62.040695115517366,9.667502582952185,0.09709297802727335,1
102031,Coal,Unknown Agency,Jharkhand,513.99,0,0,0,11.746709985815414,11.432432175453343,0.5824217974670884,1
102032,Coal,Unknown Agency,Jharkhand,764.57,0,1,0,98.12803929533146,10.759908382324102,18.846987122031642,8
102033,Coal,Unknown Agency,Jharkhand,1230.27,1,0,0,260.6117679139934,14.170153329965245,39.742755103961656,20
102034,Coal,Unknown Agency,Jharkhand,334.27,0,0,1,53.49050651574771,10.184864209054687,17.172304378799595,14
102035,Coal,Unknown Agency,Jharkhand,4011.85,1,0,0,610.5027794003677,9.637744700661276,38.39933983733917,29
102036,Coal,Unknown Agency,Jharkhand,339.87,1,0,1,52.292327388230774,9.112106011104526,70.04310543478533,37
102037,Coal,Unknown Agency,Jharkhand,230.41,1,0,0,39.40330550567353,4.847054367739575,36.61332153054707,33
102038,Coal,Unknown Agency,Jharkhand,222.82,0,0,0,14.903608967331365,7.91588319268439,1.7472716507498385,2
102039,Coal,Unknown Agency,Jharkhand,243.52,0,0,1,34.77639709637702,11.361494095144806,28.750136908697073,19
102040,Coal,Unknown Agency,Jharkhand,979.08,1,0,0,15.078104138691863,1.8764955809674544,29.328866449644313,33
102041,Coal,Unknown Agency,Jharkhand,414.37,0,0,0,16.488403360638927,11.08399522733734,3.6313052430494137,-1
102042,Coal,Unknown Agency,Jharkhand,5850.83,0,0,0,325.3972068495359,8.958425968734673,2.7488274615517723,1
102043,Coal,Unknown Agency,Jharkhand,5940.47,0,0,0,435.54437779151976,7.197941932663184,-0.9295856192223839,3
102044,Coal,Unknown Agency,Jharkhand,1354.2,0,0,0,80.56164767906193,11.4503962224938,2.0736393161694684,1
102045,Coal,Unknown Agency,Madhya Pradesh,869.44,0,0,0,69.35820208742052,15.087953126347465,1.435432581108612,3
102046,Coal,Unknown Agency,Madhya Pradesh,998.71,0,0,0,61.31847465815133,7.141440447461633,3.932159819564463,-1
102047,Coal,Unknown Agency,Madhya Pradesh,1729.68,1,0,0,133.69177545597427,7.717713660333107,18.966340649485964,35
102048,Coal,Unknown Agency,Madhya Pradesh,371.04,0,0,0,11.362808400071287,3.9074480206196114,4.429006664486403,0
102049,Coal,Unknown Agency,Madhya Pradesh,366.94,0,1,1,60.501325496859806,10.4136220117134,41.12749557074383,26
102050,Coal,Unknown Agency,Madhya Pradesh,314.09,0,0,1,52.441060978560714,11.88339628288195,27.71435494937112,22
102051,Coal,Unknown Agency,Madhya Pradesh,399.2,0,0,1,77.07100219478711,11.89033425687812,25.688100016210427,17
102052,Coal,Unknown Agency,Madhya Pradesh,220.62,1,0,0,28.96406057095217,6.059728605286672,23.710189178598544,28
102053,Coal,Unknown Agency,Madhya Pradesh,206.88,1,1,0,21.56911878079717,5.152960579092046,45.01559020168978,50
102054,Coal,Unknown Agency,Madhya Pradesh,166.25,0,0,0,30.161591671026315,12.826217126443652,3.886619476077432,0
102055,Coal,Unknown Agency,Madhya Pradesh,414.15,0,0,0,65.03038563562043,14.095139344281883,-0.813493947448308,1
102056,Coal,Unknown Agency,Madhya Pradesh,25560.48,1,0,0,1130.0088276177894,3.4791957546027756,34.60887607891705,18
102057,Coal,Unknown Agency,Madhya Pradesh,1604.69,0,0,0,293.6010599135228,13.30087402718818,2.023505997015109,1
102058,Coal,Unknown Agency,Maharashtra,580.61,0,1,0,82.5501567193797,9.310185322233743,11.38270471204411,25
102059,Coal,Unknown Agency,Maharashtra,727.28,1,0,0,110.12228192195516,16.480067811476168,34.39811628475295,33
102060,Coal,Unknown Agency,Maharashtra,822.88,0,0,0,107.13360129787236,16.423958504022778,3.759414865689835,1
102061,Coal,Unknown Agency,Maharashtra,711.01,0,0,0,116.73361274421092,13.371861899442749,3.920016583357434,3
102062,Coal,Unknown Agency,Maharashtra,228.64,1,0,1,32.070880397730235,8.760555662543858,50.13848756965717,37
102063,Coal,Unknown Agency,Maharashtra,319.04,0,0,1,25.93911790823836,7.7931122273435705,12.07576005556748,22
102064,Coal,Unknown Agency,Maharashtra,402.27,0,0,0,21.729018066807384,12.30555106800211,0.938890127148059,0
102065,Coal,Unknown Agency,Maharashtra,361.87,0,0,1,40.59216099703337,9.60652894213986,8.858629989211394,23
102066,Coal,Unknown Agency,Maharashtra,335.75,0,0,0,45.43972674442958,10.75528090529351,-0.1009668425658452,0
102067,Coal,Unknown Agency,Maharashtra,309.58,0,0,0,58.69804773915669,11.801320281201562,-0.6990983792988081,-1
102068,Coal,Unknown Agency,Maharashtra,198.71,0,0,1,32.27821858757633,15.350062489097343,16.095618986209875,18
102069,Coal,Unknown Agency,Maharashtra,360.81,0,0,0,56.52961869170892,10.402532708576423,1.0684515812588002,-1
102070,Coal,Unknown Agency,Maharashtra,497.41,0,0,0,50.7304575486113,8.191922892591105,-0.20442022115409664,2
102071,Coal,Unknown Agency,Maharashtra,184.71,0,0,0,26.002492208604842,11.197109729240395,-0.7853728958231545,-1
102072,Coal,Unknown Agency,Maharashtra,1225.21,0,0,1,258.05890722895293,14.485608159666189,30.544048478571714,16
102073,Coal,Unknown Agency,Maharashtra,973.07,0,0,0,111.92564196281342,14.577124172640431,0.696655615946665,0
102074,Coal,Unknown Agency,Maharashtra,405.2,1,0,1,23.636382983664138,3.5452483568609843,58.143343757365315,57
102075,Coal,Unknown Agency,Maharashtra,1024.91,0,1,0,254.25646712674734,10.088888462687633,20.360678232538675,22
102076,Coal,Unknown Agency,Maharashtra,319.75,1,0,1,91.27983210246089,10.456167404576647,55.87636813253708,28
102077,Coal,Unknown Agency,Maharashtra,237.06,0,0,1,37.11200311241704,13.804593736891189,20.56347529483123,9
102078,Coal,Unknown Agency,Maharashtra,235.9,1,0,0,38.845505922600694,12.973731059274733,35.619979333644565,24
102079,Coal,Unknown Agency,Maharashtra,316.0,0,0,0,11.609392761300398,5.269152279521435,0.4753056464403622,0
102080,Coal,Unknown Agency,Maharashtra,668.54,1,0,0,72.69264202793761,16.806601692275947,27.806590236546885,23
102081,Coal,Unknown Agency,Maharashtra,379.3,0,0,1,90.16635985916272,12.312449785081256,12.953731521845718,17
102082,Coal,Unknown Agency,Maharashtra,630.37,0,0,0,31.06451815221226,10.143320305852313,4.7746023963957285,1
102083,Coal,Unknown Agency,Maharashtra,444.42,0,0,0,71.56940619392293,12.745787707965412,4.068585151569602,-1
102084,Coal,Unknown Agency,"Madhya Pradesh, Uttar Pradesh",836.42,1,0,1,156.67582696847177,13.373026815239697,58.186989082219654,39
102085,Coal,Unknown Agency,"Madhya Pradesh, Uttar Pradesh",491.67,1,0,0,76.68241698070102,9.870974483835035,32.57605514780435,12
102086,Coal,Unknown Agency,Odisha,1693.81,0,0,0,77.89255042312811,6.9202822497634315,3.0368534330078267,3
102087,Coal,Unknown Agency,Odisha,5194.95,1,0,0,434.4383624237083,1.338362229405872,47.07096973202686,37
102088,Coal,Unknown Agency,Odisha,3504.21,0,0,0,278.10696438522837,9.77095482044092,1.860578830849985,2
102089,Coal,Unknown Agency,Odisha,8416.19,1,1,0,522.3397099118031,2.039844196828754,26.468614665455377,30
102090,Coal,Unknown Agency,Odisha,2434.75,0,0,0,284.17567717004795,11.542591672068028,1.2885189150264456,0
102091,Others,Unknown Agency,Odisha,2838.86,0,0,1,747.5097556077735,11.163120853995999,27.75549466157512,16
102092,Coal,Unknown Agency,Odisha,479.15,0,0,1,78.6172413525838,5.099790390471716,14.56423864347143,16
102093,Coal,Unknown Agency,Odisha,494.3,0,0,0,25.47076559723189,9.494918870852658,0.9779889029386246,0
102094,Coal,Unknown Agency,Odisha,3563.5,0,0,1,461.75192165286677,12.279609799330657,20.874906755163856,22
102095,Others,Unknown Agency,Odisha,5366.27,0,0,0,1147.6478871493969,10.048925878322535,-0.002251939376190837,-1
102096,Coal,Unknown Agency,Odisha,1561.85,1,0,0,319.51140398522637,9.091020924239647,41.74727477390294,34
102097,Coal,Unknown Agency,Odisha,978.44,1,0,0,170.18566329668113,16.9919867858616,42.11369756282944,37
102098,Coal,Unknown Agency,Odisha,522.45,0,1,0,57.61922919534524,6.4451225580899685,21.229707214418514,23
102099,Others,Unknown Agency,Telangana,297.88,0,0,1,61.18142015544643,12.84290818215959,28.20910609741656,10
102100,Coal,Unknown Agency,Telangana,384.32,0,0,1,62.040562619419575,13.66528619450925,13.612086055064875,12
102101,Others,Unknown Agency,Telangana,607.04,0,0,0,77.25662255981793,15.240227130682339,-1.3723286076129593,0
102102,Coal,Unknown Agency,Telangana,424.81,0,0,0,36.44334538784676,13.056124929579461,3.337219442874817,0
102103,Coal,Unknown Agency,Telangana,345.6,0,0,1,66.50118984389182,10.08794185492102,32.994115438218074,12
102104,Others,Unknown Agency,Telangana,484.5,0,0,1,112.32513929595919,16.418241077413512,27.53868774222318,7
102105,Coal,Unknown Agency,Telangana,442.42,0,0,0,26.832667772570403,5.001570527301681,-1.8338753676650066,-1
102106,Coal,Unknown Agency,West Bengal,888.99,0,0,1,157.80775767235323,10.230625814400405,12.9749836039601,16
102107,Coal,Unknown Agency,West Bengal,570.11,0,0,0,70.09388573298963,12.074230402887856,-0.9824452299916073,-1
102108,Others,Unknown Agency,West Bengal,502.68,0,0,0,77.06335438321123,8.354910869275335,1.8062647349187215,2
102109,Coal,Unknown Agency,West Bengal,535.18,0,0,0,72.255881528759,14.961957998394084,1.5494964889672591,3
102110,Coal,Unknown Agency,West Bengal,749.08,0,0,0,104.73163718886488,9.861958663024701,-0.30119826035995323,1
102111,Coal,Unknown Agency,West Bengal,1210.12,0,1,0,276.13599129429923,12.520191750076528,12.4405023910628,9
102112,Coal,Unknown Agency,West Bengal,5365.88,0,1,0,738.6922984262033,10.998003627847652,17.63643979303163,9
102113,Coal,Unknown Agency,West Bengal,384.57,0,0,0,16.402537464378895,6.56961754500567,-0.4572088569072923,-1
102114,Coal,Unknown Agency,West Bengal,929.1,0,0,0,127.83178442326326,13.04529034186588,3.849717207228583,1
102115,Coal,Unknown Agency,West Bengal,483.65,0,0,1,81.56455306285574,15.567184014759377,14.321185178580986,16
102116,Coal,Unknown Agency,West Bengal,389.1,0,0,0,51.726000950673736,10.953200359372989,4.096613039398598,-1
102117,Electricity Generation,Unknown Agency,West Bengal,1193.55,0,1,0,169.8883465448735,10.109783574336916,17.13676064583236,24
102118,Electricity Generation,Unknown Agency,Gujarat,383.84,0,0,0,13.982132001842047,7.378069750360211,-0.9580057635542345,0
102119,Others,Unknown Agency,Gujarat,3335.85,0,0,1,221.7849918849841,9.97522040094975,19.256831166893484,18
102120,Others,Unknown Agency,Gujarat,1221.41,0,0,1,210.3018019166384,10.63323781119201,23.889152605489226,13
102121,Electricity Generation,Unknown Agency,Gujarat,480.68,0,0,0,40.51006804263312,12.074116319549518,2.024118548029678,3
102122,Others,Unknown Agency,Odisha,27212.96,0,0,0,3330.210378259704,11.37609603118338,0.27770422761441615,-1
102123,Electricity Generation,Unknown Agency,Rajasthan,1813.0,0,0,0,322.3076395769117,8.773717974959155,-0.38351972537836887,0
102124,Coal,Unknown Agency,Rajasthan,4147.07,1,0,0,822.7131249642299,10.51790775228923,35.805952741289936,38
102125,Electricity Generation,Unknown Agency,Tamil Nadu,218.03,0,0,1,33.56271652181732,10.923031274359879,21.62812826727818,17
102126,Railways,Unknown Agency,Uttar Pradesh,17237.8,0,0,0,994.6045762474478,6.779217797088805,-1.6514503191041856,1
102127,Others,Unknown Agency,Chhattisgarh,1686.22,1,0,0,406.45605525316523,15.65393698829105,43.466402935427396,31
102128,Coal,Unknown Agency,Jharkhand,1799.64,0,0,0,97.30227940429177,10.125415101324094,2.2506117580692475,2
102129,Coal,Unknown Agency,Jharkhand,1581.0,0,0,0,206.53887452988698,12.58268302714216,0.07757380808012204,2
102130,Electricity Generation,Unknown Agency,Jharkhand,502.0,0,0,0,21.87686865767091,4.386766904170145,-1.710883005991487,-1
102131,Electricity Generation,Unknown Agency,Arunachal Pradesh,31876.39,1,0,0,6680.0317873045715,15.915079737251162,19.873873316868263,16
102132,Electricity Generation,Unknown Agency,Arunachal Pradesh,1938.85,0,0,0,316.35830481964854,8.131309603343759,-1.1463988567185266,2
102133,Electricity Generation,Unknown Agency,Arunachal Pradesh,1750.07,0,0,0,101.06053737958291,9.506376723155299,2.466799376371588,-1
102134,Electricity Generation,Unknown Agency,Arunachal Pradesh,8146.21,0,0,0,1565.1716180017975,9.417674842634625,-0.24235053298572917,0
102135,Electricity Generation,Unknown Agency,Arunachal Pradesh,14105.83,0,0,0,816.2544279506892,5.312407247068691,3.7076325315208196,3
102136,Electricity Generation,Unknown Agency,Bihar,10439.09,1,1,0,1756.9406965950034,6.03438843539066,37.691862855631754,43
102137,Electricity Generation,Unknown Agency,Bihar,29948.0,1,0,0,5500.647890653016,8.501934402236738,19.361317975714904,37
102138,Electricity Generation,Unknown Agency,Chhattisgarh,15530.0,0,0,0,973.9261979734983,4.057714775942429,-1.0554996942738628,2
102139,Electricity Generation,Unknown Agency,Chhattisgarh,9791.0,0,0,0,1585.8736658468529,10.653800687981693,2.664008597493292,2
102140,Electricity Generation,Unknown Agency,Gujarat,339.35,0,0,0,63.59830321834596,13.538450665435938,0.3236121843444093,2
102141,Electricity Generation,Unknown Agency,Himachal Pradesh,687.97,0,0,0,98.90819782714021,14.592948909263612,3.2788608519003137,1
102142,Electricity Generation,Unknown Agency,Himachal Pradesh,1810.56,0,0,0,133.62836806830956,9.243984167251938,0.12252045299705694,3
102143,Electricity Generation,Unknown Agency,Himachal Pradesh,2614.51,0,0,0,412.08083698928965,9.111092237692464,4.11172984209455,2
102144,Electricity Generation,Unknown Agency,Delhi,8112.12,0,1,0,1264.8813396394175,9.89777519671088,12.48517333177599,16
102145,Electricity Generation,Unknown Agency,Delhi,4287.59,0,0,1,294.94863572922316,6.138214460729204,22.49337240194477,13
102146,Electricity Generation,Unknown Agency,Delhi,5281.94,0,0,1,995.5888683356698,12.253149632347458,23.549212061540942,11
102147,Electricity Generation,Unknown Agency,Delhi,4526.12,0,0,0,649.5363478757931,17.03571108574353,0.6843933269195226,0
102148,Electricity Generation,Unknown Agency,Jharkhand,18668.0,0,0,0,3068.5385099332816,12.244625024281916,3.541005562950753,1
102149,Electricity Generation,Unknown Agency,Jharkhand,14358.0,0,0,0,1799.1200021867671,13.111147109868597,4.157388214517315,-1
102150,Electricity Generation,Unknown Agency,Madhya Pradesh,20446.0,1,1,0,3306.797085290509,9.144425298847219,31.4480513969888,55
102151,Electricity Generation,Unknown Agency,"Arunachal Pradesh, Assam",6285.33,0,0,0,276.35987129703335,3.7185876695315585,0.18805105049481696,0
102152,Electricity Generation,Unknown Agency,Odisha,11843.75,0,0,0,1664.5184002263159,12.689661573488298,3.4790253316449284,1
102153,Electricity Generation,Unknown Agency,Odisha,11131.0,0,1,0,1492.5602334998716,12.407795920358648,13.61840104293826,15
102154,Electricity Generation,Unknown Agency,Sikkim,5748.04,0,0,0,272.98349901497295,5.979260484593041,4.242849698795286,2
102155,Electricity Generation,Unknown Agency,Sikkim,938.29,0,0,0,80.002395957467,9.904571877436261,0.6743993361277587,0
102156,Electricity Generation,Unknown Agency,Uttar Pradesh,17195.0,0,0,0,2213.5245909311816,12.51322520811722,3.446932853864454,2
102157,Electricity Generation,Unknown Agency,Uttarakhand,2978.0,0,0,1,382.5685040099379,13.825412697178287,15.468963617098122,17
102158,Electricity Generation,Unknown Agency,Uttarakhand,3860.35,0,0,0,236.67626820043006,10.087271315628655,-1.5018313743648206,2
102159,Electricity Generation,Unknown Agency,West Bengal,17673.0,0,0,0,808.3448488314716,3.944643343215631,2.9527056444802513,-1
102160,Water Resources,Unknown Agency,West Bengal,1381.84,1,0,0,175.85886371493734,8.810920944295304,35.41416620295318,21
102161,Transmission & Distribution,Unknown Agency,West Bengal,1037.0,0,0,0,90.12456319068303,11.068913170340586,1.9342607537337733,-1
102162,Transmission & Distribution,Unknown Agency,Andhra Pradesh,823.0,0,0,0,101.01579793507904,10.093090246397459,-0.2581825492023049,1
102163,Transmission & Distribution,Unknown Agency,Andhra Pradesh,2886.0,0,0,0,193.52291684689726,7.1663277197745,-1.4751685568814832,0
102164,Transmission & Distribution,Unknown Agency,Arunachal Pradesh,209.38,0,0,0,40.18472354812834,11.743058781099446,1.3402137206546119,-1
102165,Transmission & Distribution,Unknown Agency,Delhi,284.0,0,0,0,31.425360331874543,9.609000330457476,4.825388962398728,0
102166,Transmission & Distribution,Unknown Agency,Gujarat,4231.0,0,0,0,508.40157646921284,7.5784820234718495,1.4275815490218653,-1
102167,Transmission & Distribution,Unknown Agency,Gujarat,697.0,0,0,1,173.8906039279807,10.711285660568045,22.96704489513007,15
102168,Transmission & Distribution,Unknown Agency,Gujarat,329.0,0,0,0,57.72071697715673,17.01554043629917,-1.6493358727789742,3
102169,Transmission & Distribution,Unknown Agency,Gujarat,501.0,0,0,1,127.75762433136373,10.99243890601413,27.127538895051398,15
102170,Transmission & Distribution,Unknown Agency,Gujarat,4766.0,0,1,0,632.4292342679819,9.230443398615378,20.157392305533346,9
102171,Transmission & Distribution,Unknown Agency,Gujarat,466.0,0,0,1,73.98893385360418,15.876805405981433,25.100317268715333,13
102172,Transmission & Distribution,Unknown Agency,Gujarat,172.0,0,0,0,26.41089155531874,11.412099762481702,0.02953537983591037,3
102173,Transmission & Distribution,Unknown Agency,Gujarat,488.29,0,0,0,94.98549291741699,14.555310644659897,0.47100653645614576,3
102174,Transmission & Distribution,Unknown Agency,Gujarat,4000.0,0,1,1,484.9262265303312,7.994574177948081,24.53103989830825,24
102175,Transmission & Distribution,Unknown Agency,Gujarat,581.74,1,0,0,90.32347171158526,8.955169356133243,48.882569658365085,21
102176,Transmission & Distribution,Unknown Agency,Gujarat,19000.0,0,0,0,3349.6725443603746,11.940386049955737,-0.23381741468664208,0
102177,Transmission & Distribution,Unknown Agency,Gujarat,319.42,0,0,0,47.46180249215516,10.439425312173917,-0.9555740512085906,0
102178,Transmission & Distribution,Unknown Agency,Gujarat,4500.0,1,0,0,844.6982998357761,5.791828887345416,45.78216522212232,18
102179,Transmission & Distribution,Unknown Agency,Delhi,218.6,0,0,0,11.700261855874231,12.03522883760322,4.984740771364284,2
102180,Transmission & Distribution,Unknown Agency,Jharkhand,1842.25,1,0,0,416.60190495544816,10.688402482429268,36.30583059984909,12
102181,Transmission & Distribution,Unknown Agency,Karnataka,4445.0,0,0,0,705.1331022926547,12.207107503017141,-1.2847719966941697,1
102182,Transmission & Distribution,Unknown Agency,Karnataka,1354.0,0,0,0,215.2178294311832,13.177673434599498,1.1927378075986494,2
102183,Transmission & Distribution,Unknown Agency,Karnataka,288.0,1,0,1,79.77400493137065,7.100791263910928,77.123424895772,44
102184,Transmission & Distribution,Unknown Agency,Karnataka,3453.0,0,0,1,477.0825881863075,10.639154360728497,12.747059170173904,19
102185,Transmission & Distribution,Unknown Agency,Karnataka,379.0,0,1,1,36.58012351770165,7.708360996340314,26.0240581137676,35
102186,Transmission & Distribution,Unknown Agency,Karnataka,1111.0,0,1,0,59.14833555623207,8.598180412090127,8.3704517181471,10
102187,Transmission & Distribution,Unknown Agency,Kerala,173.14,1,0,0,3.1951200427756703,2.7935793539846374,25.143159038143917,38
102188,Transmission & Distribution,Unknown Agency,Madhya Pradesh,3674.0,0,0,0,732.2654554725268,14.808269676584779,-1.6598707226791194,-1
102189,Transmission & Distribution,Unknown Agency,Madhya Pradesh,2708.0,0,1,1,548.1324533530569,15.225044571021094,40.92095818257672,39
102190,Transmission & Distribution,Unknown Agency,Madhya Pradesh,370.0,0,0,0,47.06637787839691,10.811899717694871,-1.7053951299614303,2
102191,Transmission & Distribution,Unknown Agency,Madhya Pradesh,558.0,0,0,0,44.202272443036236,12.37810200073983,-1.4561302428854708,-1
102192,Transmission & Distribution,Unknown Agency,Madhya Pradesh,319.0,1,0,0,69.20511471175305,11.219243263200866,27.207211501973383,17
102193,Transmission & Distribution,Unknown Agency,Madhya Pradesh,3125.32,0,0,0,566.2175303986057,10.586699971463744,-0.6537763217324035,0
102194,Transmission & Distribution,Unknown Agency,Maharashtra,224.41,0,0,0,11.746410026299458,7.713156492105853,3.351854033160241,-1
102195,Transmission & Distribution,Unknown Agency,Maharashtra,2000.0,1,0,0,184.41747292112268,13.02655549030461,33.138898332420084,23
102196,Transmission & Distribution,Unknown Agency,Maharashtra,1420.0,0,1,1,256.48751431408186,15.124558565814908,24.54021939687266,18
102197,Transmission & Distribution,Unknown Agency,"Andhra Pradesh, Karnataka",5550.0,0,1,0,941.1725782672347,9.157568890646338,16.700662976362995,18
102198,Transmission & Distribution,Unknown Agency,"Andhra Pradesh, Karnataka",4535.99,0,0,0,926.8388027361984,11.935081656486773,1.9490626188359506,-1
102199,Transmission & Distribution,Unknown Agency,"Andhra Pradesh, Odisha",2722.5,0,0,0,361.8026491004207,9.219920101196124,2.064114738591515,1
102200,Transmission & Distribution,Unknown Agency,"Andhra Pradesh, Telangana",3546.94,0,0,0,333.66804659857644,10.509380399797351,-0.2610467597591324,-1
102201,Transmission & Distribution,Unknown Agency,"Arunachal Pradesh, Sikkim",4754.42,0,0,1,226.89749876611847,4.9179591893162815,14.894516884420506,23
102202,Transmission & Distribution,Unknown Agency,"Meghalaya, Mizoram, Nagaland, Tripura",5111.33,0,0,1,956.3027978114133,9.67073390184476,18.433493277344386,15
102203,Transmission & Distribution,Unknown Agency,"Bihar, Odisha, West Bengal",342.69,0,0,1,43.28266384571771,14.245159622034969,33.076397434877535,23
102204,Transmission & Distribution,Unknown Agency,"Bihar, Uttar Pradesh",2368.0,0,0,1,293.80118219879023,9.747289879650957,26.398862267569577,14
102205,Transmission & Distribution,Unknown Agency,"Bihar, West Bengal",408.94,0,0,0,78.91322484789606,13.561022451499952,0.8383481508190784,3
102206,Transmission & Distribution,Unknown Agency,"Gujarat, Maharashtra, Delhi",4546.26,1,1,1,999.4856786738649,8.84436440390271,55.72367063588524,58
102207,Transmission & Distribution,Unknown Agency,"Rajasthan, Delhi",331.0,0,1,1,49.7333871921865,9.436331987668485,44.65699032885534,24
102208,Transmission & Distribution,Unknown Agency,Rajasthan,2423.0,0,0,0,21.35625449046347,6.156978292987247,3.5146395642195714,-1
102209,Transmission & Distribution,Unknown Agency,"Gujarat, Maharashtra",24819.0,0,1,0,3168.0431767813825,16.748729200471743,8.653242935658387,8
102210,Transmission & Distribution,Unknown Agency,"Haryana, Punjab, Rajasthan",5969.0,1,0,0,770.7466315166275,9.445551287207948,44.01795471560831,12
102211,Transmission & Distribution,Unknown Agency,"Haryana, Rajasthan",5357.0,1,1,1,417.0016978377315,3.290533041437525,74.2711369694859,41
102212,Transmission & Distribution,Unknown Agency,"Karnataka, Maharashtra",1007.0,1,0,1,116.72958909502103,10.93186398529355,37.92680706078177,43
102213,Transmission & Distribution,Unknown Agency,"Karnataka, Telangana",1368.0,1,0,0,235.49868831041772,10.444296058242266,36.48183417552828,11
102214,Transmission & Distribution,Unknown Agency,"Madhya Pradesh, Rajasthan",2227.0,0,0,1,477.26634510867996,12.308149098245114,19.47515032388754,18
102215,Transmission & Distribution,Unknown Agency,"Madhya Pradesh, Rajasthan",3251.0,0,1,0,477.0392257900037,6.053107743459062,10.731161494348076,24
102216,Transmission & Distribution,Unknown Agency,"Madhya Pradesh, Rajasthan",5028.0,0,1,0,654.8430385152114,14.79534443557673,19.30612883743123,11
102217,Transmission & Distribution,Unknown Agency,"Rajasthan, Uttar Pradesh",25000.0,0,0,1,3574.2007785923306,8.305207673593955,9.813129258701265,18
102218,Transmission & Distribution,Unknown Agency,"Rajasthan, Uttar Pradesh",3271.0,1,0,0,463.82894138573226,13.004307656991973,24.97261624391685,25
102219,Transmission & Distribution,Unknown Agency,"Rajasthan, Uttar Pradesh",5846.0,0,0,0,998.4338006330554,12.87133925270225,-1.3041715761258152,0
102220,Transmission & Distribution,Unknown Agency,Rajasthan,428.3,0,0,0,91.92160499308821,16.96164998205885,3.3674545851134505,1
102221,Transmission & Distribution,Unknown Agency,Rajasthan,1910.0,1,1,1,5.040593545039137,1.1169584363118383,85.38909228235342,63
102222,Transmission & Distribution,Unknown Agency,Rajasthan,1160.0,0,0,0,110.70296776046791,16.503022591374034,1.2814083526536844,-1
102223,Transmission & Distribution,Unknown Agency,Rajasthan,4741.0,1,0,0,1000.3663084289667,11.333582368338789,23.692352826843965,20
102224,Transmission & Distribution,Unknown Agency,Rajasthan,3279.0,1,0,0,467.24628041070116,8.630012928218719,26.241762401751586,22
102225,Transmission & Distribution,Unknown Agency,Rajasthan,1382.0,0,1,0,76.34826142771772,8.747328716426892,4.837667776354888,5
102226,Transmission & Distribution,Unknown Agency,Rajasthan,369.0,0,0,0,67.10723162380994,12.42010412144424,-1.5179987156133103,0
102227,Transmission & Distribution,Unknown Agency,Rajasthan,2735.0,0,0,0,202.71035802484403,7.979813240585031,1.3542666445240052,0
102228,Transmission & Distribution,Unknown Agency,Rajasthan,404.0,1,0,0,37.250809164642575,4.9247383651544,19.13209609210144,20
102229,Transmission & Distribution,Unknown Agency,Tamil Nadu,548.0,1,1,0,85.76988710073101,11.127055554390445,37.736399184273665,46
102230,Transmission & Distribution,Unknown Agency,Uttar Pradesh,212.81,0,1,0,37.03890460102079,13.134828431900374,19.025735074503068,16
102231,Others,Unknown Agency,Telangana,644.0,0,0,0,41.00735572245583,9.59392459922249,1.4671722821238298,3
102232,Others,Unknown Agency,Delhi,209.88,0,0,1,8.897979458111678,10.13271300987276,25.439451532415468,13
102233,Others,Unknown Agency,Delhi,32850.0,0,1,0,1878.3715810515582,4.647608763340315,10.419814462406688,16
102234,Others,Unknown Agency,Gujarat,539.0,1,0,1,150.51678678573722,7.301024958795535,65.05359655639579,40
102235,Urban Public Transport,Unknown Agency,Uttarakhand,150.97,1,0,0,22.14076127888515,15.561925424686244,20.026894479807076,13
102236,Urban Public Transport,Unknown Agency,Bihar,13365.77,0,0,0,425.7013935419418,8.355889313440443,-0.6550503795529197,-1
102237,Urban Public Transport,Unknown Agency,Delhi,8399.81,0,1,0,1245.2022182611863,16.08280921131482,6.2961798439378915,15
102238,Urban Public Transport,Unknown Agency,Delhi,12014.91,0,0,1,2331.520155011669,10.05924585494023,23.8957942326716,18
102239,Urban Public Transport,Unknown Agency,Delhi,24948.65,0,0,0,4355.569032326021,12.042484680223204,4.609660211414484,1
102240,Urban Public Transport,Unknown Agency,Gujarat,12020.32,0,0,0,1689.0025670550185,17.17135017471624,1.9490908577206514,-1
102241,Roads & Highways,Unknown Agency,Gujarat,10773.0,0,0,0,372.3862288741202,5.799805586669677,4.091487240088314,0
102242,Urban Public Transport,Unknown Agency,Haryana,5452.72,0,0,0,739.2152343892576,13.261009997719881,2.771568199963397,1
102243,Urban Public Transport,Unknown Agency,Karnataka,15611.0,1,0,0,2292.7985302711304,15.481584461710021,16.609408584859498,16
102244,Urban Public Transport,Unknown Agency,Karnataka,26405.14,0,0,1,4275.137857531887,14.885718479270071,14.805251748057863,14
102245,Urban Public Transport,Unknown Agency,Karnataka,14788.1,0,0,1,2266.0860672294507,8.821947772177008,18.003104833680382,10
102246,Urban Public Transport,Unknown Agency,Kerala,1957.05,0,1,1,342.4185101427347,12.126908606108685,38.55501646994135,29
102247,Urban Public Transport,Unknown Agency,Madhya Pradesh,6941.4,0,0,0,741.0759846815929,10.576038834842926,2.845735245534854,-1
102248,Urban Public Transport,Unknown Agency,Madhya Pradesh,7500.8,0,0,1,583.1437182743839,7.564615584004855,18.120557135430275,16
102249,Urban Public Transport,Unknown Agency,Maharashtra,910.18,1,0,1,213.3741129374837,14.270614441826204,59.571010423905676,29
102250,Urban Public Transport,Unknown Agency,Maharashtra,2954.53,1,0,0,565.8432171148052,10.952953487240102,16.81743473717148,24
102251,Urban Public Transport,Unknown Agency,Maharashtra,12200.1,0,0,1,2318.1405502250673,11.441402110828609,26.1985908489651,23
102252,Urban Public Transport,Unknown Agency,Maharashtra,3626.24,0,1,0,612.2675426652033,12.023111714448497,14.380104430240982,14
102253,Urban Public Transport,Unknown Agency,Maharashtra,9857.85,1,0,0,1378.2774110624036,11.048960444953174,20.169198656077963,25
102254,Others,Unknown Agency,Maharashtra,262.76,0,0,0,32.902016491714335,11.767262149006662,-0.981115914244167,1
102255,Urban Public Transport,Unknown Agency,Maharashtra,600.0,0,0,0,16.57514091989401,6.604291361188558,1.31081805999752,0
102256,Urban Public Transport,Unknown Agency,Maharashtra,23136.0,1,0,0,1067.6752942146,1.6671353685498946,36.308197147275436,37
102257,Urban Public Transport,Unknown Agency,"Maharashtra, Delhi",6708.0,0,0,0,986.9770132916317,9.535538469942498,-1.7418646123519943,0
102258,Urban Public Transport,Unknown Agency,Haryana,6230.99,0,1,0,1497.137353891741,16.206694766010628,21.586333243204642,24
102259,Urban Public Transport,Unknown Agency,Tamil Nadu,63246.0,1,0,0,3404.0757521757873,6.2772237392508785,30.337629552928114,15
102260,Urban Public Transport,Unknown Agency,Uttar Pradesh,5801.05,0,0,0,1093.3644217445876,13.292046556118649,4.752951744156185,2
102261,Urban Public Transport,Unknown Agency,Uttar Pradesh,11076.48,1,0,0,382.0611528424023,2.265653837087288,22.53742400003019,33
102262,Others,Unknown Agency,Uttar Pradesh,8379.62,0,1,0,964.8659926510991,8.84010548843547,19.637994166525573,7
102263,Water Resources,Unknown Agency,Andhra Pradesh,172.22,0,0,0,18.463116217541724,15.141045924707413,1.3475905209642032,0
102264,Water Resources,Unknown Agency,Bihar,158.78,0,0,1,33.9570741176798,16.094198431704214,28.605178726685295,18
102265,Others,Unknown Agency,Delhi,210.0,0,0,0,26.762764500892956,13.303367829250682,3.023782565249091,1
102266,Water Resources,Unknown Agency,Haryana,278.01,1,0,0,40.85311910415464,11.389447593217596,49.0515347090057,27
102267,Water Resources,Unknown Agency,Jharkhand,216.55,0,1,0,32.45444043221901,12.526280913096876,16.928423943500725,7
102268,Water Resources,Unknown Agency,Jharkhand,159.31,1,0,1,4.186398505418641,2.061937572240931,40.17947913057671,50
102269,Others,Unknown Agency,Jharkhand,278.28,0,0,1,37.47124865525112,12.788679328325497,20.628711654018588,15
102270,Water Resources,Unknown Agency,Karnataka,162.73,0,0,0,15.910634370691142,8.54201005828395,-0.23049058614992113,3
102271,Others,Unknown Agency,Madhya Pradesh,287.17,0,0,1,30.614454115824742,11.34890645598238,33.73072938820892,12
102272,Others,Unknown Agency,Madhya Pradesh,191.56,0,0,0,11.267348561204074,7.182723057338478,0.9209737795524493,0
102273,Water Resources,Unknown Agency,Madhya Pradesh,402.01,1,1,0,109.86641333091683,16.407306095665454,44.04218363340624,34
102274,Water Resources,Unknown Agency,Maharashtra,194.2,0,0,1,21.68262965973014,7.047054005199092,16.298108714778973,21
102275,Water Resources,Unknown Agency,Maharashtra,204.55,0,0,0,15.234590565067577,7.816610398208397,0.8695269245703576,1
102276,Others,Unknown Agency,Maharashtra,235.95,1,0,0,59.93281663736241,14.18449690871526,44.949392866250214,15
102277,Water Resources,Unknown Agency,Maharashtra,180.24,0,0,0,26.978279178508352,9.747845310323918,4.0532486227930695,3
102278,Water Resources,Unknown Agency,Punjab,258.53,0,0,0,26.914059114676576,8.253142238569836,3.4171833182823397,-1
102279,Water Resources,Unknown Agency,Punjab,287.0,0,0,1,25.13176325725601,14.245217866806172,14.562753007137914,21
102280,Others,Unknown Agency,Uttar Pradesh,561.74,0,0,0,32.17095703134913,8.974919113339396,4.788613897094524,1
102281,Others,Unknown Agency,Uttar Pradesh,142.46,0,0,1,26.211533767777837,10.487202195565303,10.504784433090682,17
102282,Others,Unknown Agency,West Bengal,255.37,0,0,1,15.715823895759488,6.92510701662618,21.96056351074295,17
102283,Oil & Gas,Unknown Agency,Madhya Pradesh,1856.36,0,0,1,336.0919336114438,11.074875746862496,13.844113106386638,19
102284,Coal,Unknown Agency,Odisha,4103.0,0,0,1,724.8694084578337,12.005466574582933,20.933901514506303,14
102285,Coal,Unknown Agency,Odisha,1381.0,0,0,0,183.28783547764647,10.699538324929414,-1.8392992070664267,0
102286,Electricity Generation,Unknown Agency,Odisha,483.0,0,0,0,71.85861777199653,12.124515883385914,3.4457962634698074,3
102287,Education,Unknown Agency,Tamil Nadu,166.0,0,0,0,22.794936167912475,8.913564420247688,-0.5357222651674616,-1
102288,Education,Unknown Agency,Andhra Pradesh,305.0,0,0,0,62.52805416587212,17.962950826027736,0.06869480421012986,0
102289,Education,Unknown Agency,Arunachal Pradesh,592.61,0,0,0,118.21295049166338,12.705931646041979,3.776040233359467,2
102290,Others,Unknown Agency,Assam,153.71,0,0,1,37.08156256232286,14.739282793358356,25.5909024009678,19
102291,Education,Unknown Agency,Bihar,499.21,0,0,1,71.78372056088415,13.960962233083166,23.00883819324022,21
102292,Education,Unknown Agency,Chhattisgarh,1188.97,1,0,0,134.1652948565076,4.093573801851546,23.63722106735781,22
102293,Education,Unknown Agency,Delhi,333.49,0,0,1,42.04011515729201,16.47776400371935,30.6977247081094,16
102294,Education,Unknown Agency,Delhi,373.0,0,0,0,58.47771877018485,11.726596975294452,4.212917709475734,3
102323,Oil & Gas,Unknown Agency,Maharashtra,483.14,1,0,1,16.372090156701965,3.2632780563602997,38.15986338392375,39
102295,Education,Unknown Agency,Gujarat,490.63,1,0,0,75.88298690922801,11.111235647508245,30.648687484451074,23
102296,Education,Unknown Agency,Himachal Pradesh,392.51,0,0,0,81.80874386906162,11.500648302265901,0.32400783280026113,0
102297,Education,Unknown Agency,Himachal Pradesh,166.66,0,1,0,9.0561010193899,7.831193926535761,19.06829460608642,8
102298,Education,Unknown Agency,Himachal Pradesh,251.98,1,1,0,69.94878528054718,14.298201114749759,51.34346915727322,47
102299,Education,Unknown Agency,Delhi,424.93,1,0,0,61.06821501838044,11.532116989053392,37.074882354295475,19
102300,Education,Unknown Agency,Kerala,1006.45,0,0,0,110.66597714993463,10.305301259982286,1.5941376253437194,-1
102301,Others,Unknown Agency,Kerala,1527.0,0,0,0,151.68948922833067,9.366466717771772,4.651000973922013,1
102302,Education,Unknown Agency,Madhya Pradesh,496.28,0,0,0,37.900836023191005,8.460962909151576,3.673740092710613,2
102303,Education,Unknown Agency,Meghalaya,494.52,0,0,0,34.58795351930843,11.165313314400024,3.8389231581017906,1
102304,Others,Unknown Agency,Mizoram,474.23,0,0,0,30.643234008020272,9.47459276851211,4.682484421192072,1
102305,Education,Unknown Agency,Nagaland,275.63,0,0,0,25.73967936017712,11.57954094980363,1.7630257513419614,1
102306,Education,Unknown Agency,Odisha,1229.32,0,1,1,220.75170761278468,6.213558123770625,24.721738237538418,28
102307,Water Resources,Unknown Agency,Odisha,454.27,0,1,0,87.82944167492386,9.472370118491206,13.017149342234074,20
102308,Education,Unknown Agency,Odisha,198.97,1,1,1,29.352253385488808,4.016178884267867,54.5661636983476,62
102309,Education,Unknown Agency,Puducherry,618.34,0,1,0,129.39188803122005,15.22005112456793,13.78381133571594,25
102310,Others,Unknown Agency,Punjab,348.31,0,0,0,53.40559196029193,10.94239433678397,-1.3446379162374629,2
102311,Education,Unknown Agency,Punjab,210.99,1,0,1,2.9798266456410643,2.9541894425590574,55.011445469518975,53
102312,Education,Unknown Agency,Sikkim,314.06,0,0,0,53.20086732952163,15.936349724840866,0.09738898265998763,0
102313,Education,Unknown Agency,Sikkim,685.76,0,0,1,107.84506044007065,13.193184787380083,22.18577773478508,19
102314,Healthcare,Unknown Agency,Telangana,262.0,1,0,1,19.28389680299895,1.5758849385847733,44.604334303439146,48
102315,Others,Unknown Agency,Uttar Pradesh,246.0,0,1,0,33.413076496833895,11.451843319516204,18.326531005647798,16
102316,Education,Unknown Agency,Uttarakhand,650.85,1,0,0,133.7318494533842,13.461436774317235,33.35692683412105,32
102317,Education,Unknown Agency,West Bengal,500.0,1,1,0,12.090741582087059,7.703811625560579,25.361950746125757,24
102318,Oil & Gas,Unknown Agency,Manipur,906.47,0,0,0,116.31530191916272,8.886111375336064,-0.307889211367526,0
102319,Oil & Gas,Unknown Agency,Assam,156.36,1,1,0,30.185486347922314,15.447675559466543,46.07349009544604,46
102320,Others,Unknown Agency,Assam,384.04,0,1,0,30.97238331092865,10.665208269325959,17.748425066064673,19
102321,Others,Unknown Agency,Gujarat,356.86,0,0,1,47.685886187880556,13.881800397216374,20.060666609591543,18
102322,Electricity Generation,Unknown Agency,Maharashtra,281.35,0,0,1,46.635224352399575,14.15539221086826,30.328850091680614,17
102324,Oil & Gas,Unknown Agency,Mizoram,225.71,0,0,0,28.446850921136388,11.929268674888071,-1.6410042938411933,1
102325,Oil & Gas,Unknown Agency,"Andhra Pradesh, Odisha",2658.34,1,0,1,384.38652704714116,5.128263935469894,53.435462079933586,33
102326,Oil & Gas,Unknown Agency,"Jharkhand, Odisha, West Bengal",10228.0,1,0,0,1652.7455356809387,5.782057683640479,29.46292695583453,32
102327,Oil & Gas,Unknown Agency,"Gujarat, Haryana, Rajasthan",9028.0,0,0,0,1148.3124436278313,9.81250726976279,4.170764992113266,1
102328,Oil & Gas,Unknown Agency,Uttar Pradesh,10088.0,0,1,0,1195.856905157523,9.614676501277483,12.036707343221241,16
102329,Oil & Gas,Unknown Agency,"Karnataka, Tamil Nadu",678.0,0,0,0,65.33832683846015,15.177907635280036,1.1307222203447185,3
102330,Oil & Gas,Unknown Agency,Rajasthan,43129.0,0,0,1,8915.675450940551,16.848276146521613,26.069477518062932,14
102331,Oil & Gas,Unknown Agency,Rajasthan,461.05,0,0,0,26.5363391870859,5.779371028957357,3.06612343731783,2
102332,Others,Unknown Agency,Tamil Nadu,829.0,0,0,1,108.58723022519007,16.130753264587355,31.358780144531824,18
102333,Oil & Gas,Unknown Agency,Tripura,656.0,0,0,0,35.04861700284653,6.23436204838363,2.5384449857288853,1
102334,Oil & Gas,Unknown Agency,Uttar Pradesh,980.45,1,0,0,191.91056805712003,9.439471012231657,22.690571819340146,14
102335,Oil & Gas,Unknown Agency,Andhra Pradesh,34012.0,0,0,0,3279.0689872098046,10.599749779376538,2.6155610683468424,-1
102336,Oil & Gas,Unknown Agency,Andhra Pradesh,258.34,0,0,0,40.29841222066439,14.60015500953623,-0.40131442262635564,3
102337,Oil & Gas,Unknown Agency,Andhra Pradesh,160.0,0,1,0,20.60558980442442,6.326008348164347,21.27343658503258,21
102338,Oil & Gas,Unknown Agency,Assam,12366.0,0,0,0,540.4793645654772,6.587879671735166,0.6130278038055543,3
102339,Oil & Gas,Unknown Agency,Assam,682.9,0,0,0,31.459754899321638,5.670085209580563,-0.1788472493709754,-1
102340,Oil & Gas,Unknown Agency,Assam,412.3,0,0,0,23.453259955573117,8.279470245783443,3.900261942197538,0
102341,Others,Unknown Agency,Assam,430.76,0,0,0,62.95146053557819,8.84555728849255,3.94962995639259,2
102342,Others,Unknown Agency,Assam,635.28,0,0,0,100.15348452348775,14.112991403438649,2.9360494125599956,3
102343,Oil & Gas,Unknown Agency,Assam,495.59,0,0,0,63.238556085439996,10.49870832432952,4.361578934502894,-1
102344,Oil & Gas,Unknown Agency,Assam,277.0,0,0,1,40.168158029423125,10.88528132766291,29.875518287129676,10
102345,Oil & Gas,Unknown Agency,Assam,768.0,1,1,0,140.3275608049865,13.489991972856089,46.17594126301253,36
102346,Others,Unknown Agency,Assam,481.03,0,0,0,73.0535442137394,13.830757984745283,0.4713382463211375,1
102347,Others,Unknown Agency,Assam,198.7,0,1,1,57.77810648342482,10.381451008329591,36.4441501762184,36
102348,Electricity Generation,Unknown Agency,Assam,370.0,0,0,0,30.953932010462438,9.080115561275676,2.8477111167500464,-1
102349,Oil & Gas,Unknown Agency,Assam,293.5,0,0,0,45.776738633188074,9.920930093364703,3.0755279575263703,0
102350,Oil & Gas,Unknown Agency,Bihar,340.15,0,0,0,42.703961352734154,8.81268461120865,1.7385522758555099,0
102351,Oil & Gas,Unknown Agency,Bihar,14810.0,1,0,0,1302.647332582978,9.226696351522651,19.700445541208104,35
102352,Oil & Gas,Unknown Agency,Bihar,389.35,1,0,0,119.41976294814037,14.194766289269118,44.246365944303484,25
102353,Oil & Gas,Unknown Agency,Bihar,3638.0,0,0,0,585.0762603528246,13.182941190868092,4.778340446238951,2
102354,Oil & Gas,Unknown Agency,Bihar,3919.0,1,0,0,504.3194701651114,11.666299018324892,27.50099171108251,20
102355,Oil & Gas,Unknown Agency,Chhattisgarh,557.04,0,0,0,105.66117873653866,8.766776432345134,2.374139368191429,1
102356,Oil & Gas,Unknown Agency,Gujarat,885.63,0,0,0,14.859989932330564,8.025635013293154,3.231567291495912,2
102357,Oil & Gas,Unknown Agency,Gujarat,1162.56,1,0,0,124.87556862883798,13.584106411281887,29.83504324705405,21
102358,Oil & Gas,Unknown Agency,Gujarat,631.03,0,0,1,111.69313873189753,12.375834043077681,28.856510725013305,14
102359,Oil & Gas,Unknown Agency,Gujarat,18936.0,0,0,0,1461.4349318884779,7.944803495353014,1.6923912617550574,0
102360,Oil & Gas,Unknown Agency,Gujarat,328.29,0,0,0,10.541934487523122,4.769411540428706,4.093736836304156,-1
102361,Oil & Gas,Unknown Agency,Gujarat,621.4,0,0,0,98.29759199369457,11.144884580090714,4.333853832541718,-1
102362,Oil & Gas,Unknown Agency,Gujarat,249.43,0,0,0,38.53496310523312,17.929234988148522,1.1816678793389173,3
102363,Oil & Gas,Unknown Agency,Gujarat,173.03,0,0,0,28.698748650973272,9.701598861269733,1.1407425127349313,3
102364,Oil & Gas,Unknown Agency,Gujarat,1487.41,0,0,0,335.665897848948,9.510156304940761,3.2804030223233056,1
102365,Oil & Gas,Unknown Agency,Gujarat,837.34,0,0,0,157.38389221795364,12.893479333868228,1.4489838971204425,1
102366,Oil & Gas,Unknown Agency,Haryana,2281.94,0,0,1,204.13957560996914,9.278332280779601,13.169816466041972,13
102367,Oil & Gas,Unknown Agency,Haryana,1459.0,1,1,0,218.5264047460014,1.432567158906865,68.23239883437108,60
102368,Oil & Gas,Unknown Agency,Haryana,359.0,0,0,0,31.75831680706989,11.45472800578409,2.2034404807484496,0
102369,Oil & Gas,Unknown Agency,Haryana,34627.0,0,0,0,4056.4601000996954,12.282676911685975,0.1286827940343529,-1
102370,Oil & Gas,Unknown Agency,Haryana,165.13,0,0,0,34.09211077550137,12.483007932758674,0.06169864946852366,0
102371,Oil & Gas,Unknown Agency,Delhi,538.0,0,0,0,86.35390976775943,11.9361057728621,3.5127620130686044,2
102372,Oil & Gas,Unknown Agency,Jharkhand,431.0,0,0,0,69.34596722846587,15.191857880608708,1.1375053990111441,2
102373,Electricity Generation,Unknown Agency,Jharkhand,202.07,1,0,0,37.41387046265615,13.675277255807003,21.196393471136112,16
102374,Others,Unknown Agency,Karnataka,385.0,1,1,0,22.25508881274373,3.0553818843286304,36.52859212832735,54
102375,Others,Unknown Agency,Karnataka,364.0,1,0,1,36.16312649194751,8.126432260422067,60.89647350907235,36
102376,Oil & Gas,Unknown Agency,Karnataka,463.0,0,0,1,61.57229428113227,11.145852907952907,18.581716102961597,14
102377,Oil & Gas,Unknown Agency,Kerala,1130.0,0,0,1,121.10913013633643,7.233171037132383,21.391183111580258,11
102378,Oil & Gas,Unknown Agency,Kerala,4460.0,0,0,0,328.9602017800544,7.978418106124096,-0.6835647446349593,0
102379,Oil & Gas,Unknown Agency,Madhya Pradesh,1792.0,1,0,0,253.3203544340182,9.488142371661969,43.45381098575492,30
102380,Oil & Gas,Unknown Agency,Madhya Pradesh,43367.0,0,0,0,4562.06329155654,11.998303550630041,2.1184322667610305,1
102381,Oil & Gas,Unknown Agency,Maharashtra,8797.0,0,1,0,594.5437949449802,3.2039004832431512,9.820027572691657,25
102382,Oil & Gas,Unknown Agency,Maharashtra,4679.0,0,1,0,850.5028161173948,9.241925130913042,17.536939927471597,19
102383,Oil & Gas,Unknown Agency,Maharashtra,13626.0,0,0,0,2361.034699240824,17.275010671940763,4.446594389164749,0
102384,Others,Unknown Agency,Maharashtra,844.0,0,0,0,99.40453644889146,10.267231895270479,0.28737968424495985,3
102385,Oil & Gas,Unknown Agency,Maharashtra,260.2,1,1,1,84.27061580862352,10.414979143739487,66.52871835012675,54
102386,Oil & Gas,Unknown Agency,Maharashtra,240.0,0,0,0,8.26938921347275,6.6133669801912305,2.283432624570259,1
102387,Oil & Gas,Unknown Agency,Maharashtra,865.0,1,0,0,118.41370954003443,7.259912781843337,19.735627909071553,38
102388,Oil & Gas,Unknown Agency,Maharashtra,341.43,0,0,0,15.3851173381114,11.49723684812703,-0.787848800226427,3
102389,Oil & Gas,Unknown Agency,Maharashtra,165.0,0,0,0,32.74376827872442,9.878899041453773,-1.126129995299109,3
102390,Oil & Gas,Unknown Agency,"Andhra Pradesh, Maharashtra",2585.0,1,0,0,667.8243352229392,10.26738668177535,21.580152819932426,20
102391,Oil & Gas,Unknown Agency,"Arunachal Pradesh, Assam, Chhattisgarh, Manipur, Odisha",2212.0,0,0,0,313.45106317812326,9.735446176849447,2.347965274875788,-1
102392,Oil & Gas,Unknown Agency,"Meghalaya, Mizoram, Nagaland, Sikkim, Tripura, West Bengal",9265.0,1,0,1,682.204758941705,4.016481276596645,54.936087197843605,45
102393,Oil & Gas,Unknown Agency,"Assam, Bihar, West Bengal",680.0,1,0,1,33.534897384633325,3.134878368221376,67.78874125545252,20
102394,Oil & Gas,Unknown Agency,"Bihar, Jharkhand",1377.0,0,0,0,245.87079074654923,15.380927126977042,-1.1040009806718998,0
102395,Oil & Gas,Unknown Agency,"Gujarat, Haryana, Madhya Pradesh, Maharashtra, Odisha",7844.25,0,0,0,252.94142408276093,2.164983516707622,0.3142521384382664,2
102396,Oil & Gas,Unknown Agency,"Punjab, Rajasthan",7392.0,0,0,0,244.15399070489275,7.706272119750636,-1.3952205733595031,2
102397,Oil & Gas,Unknown Agency,"Punjab, Jammu and Kashmir",521.9,0,1,0,89.34992221030882,5.8425625487311175,10.344241122450272,13
102398,Oil & Gas,Unknown Agency,"Kerala, Tamil Nadu",2915.0,0,1,0,524.2372001856718,13.30964471682946,9.223923876905168,10
102399,Oil & Gas,Unknown Agency,"Karnataka, Maharashtra",5535.0,0,0,0,498.57788957080265,8.715830303897235,-1.2139686915037904,0
102400,Oil & Gas,Unknown Agency,"Odisha, West Bengal",1030.65,0,0,0,156.10336074163303,11.689424887071059,-1.7513197368481395,-1
102401,Oil & Gas,Unknown Agency,"Punjab, Rajasthan",3207.0,0,0,0,459.988005091212,9.93309618058123,0.00035293026591443066,3
102402,Oil & Gas,Unknown Agency,Nagaland,227.62,0,0,0,25.72841374140919,8.716419825068007,2.8582796894230498,0
102403,Oil & Gas,Unknown Agency,Odisha,13805.0,0,0,1,1415.1717780431359,9.056567144171455,24.792931695634326,12
102404,Oil & Gas,Unknown Agency,Odisha,514.91,0,1,0,66.32570212116906,11.810622760177594,16.509855500837812,15
102405,Oil & Gas,Unknown Agency,Odisha,393.54,0,1,0,55.60721460504726,14.873182348777476,17.08771695220431,12
102406,Others,Unknown Agency,Delhi,3190.69,0,0,1,402.9543590127446,11.40026051376988,27.396607803041825,16
102407,Oil & Gas,Unknown Agency,Delhi,1486.4,0,0,0,215.6815203888337,14.103168664856316,-1.5412619709379285,3
102408,Oil & Gas,Unknown Agency,Delhi,6175.0,0,0,0,841.7359056065061,9.548354406905005,2.2876690879033994,3
102409,Others,Unknown Agency,Delhi,4144.41,0,0,1,852.3374088578787,15.009117963244151,16.02555974820129,19
102410,Others,Unknown Agency,Delhi,2329.45,0,0,1,372.5633154248407,7.396989819726965,28.699628899140748,10
102411,Others,Unknown Agency,Delhi,2379.84,0,0,0,342.98284493360825,14.192742959791282,-1.1812262057071368,0
102412,Oil & Gas,Unknown Agency,Delhi,6183.79,0,0,0,990.3314485756459,14.324671818114325,2.035697262268437,-1
102413,Oil & Gas,Unknown Agency,Punjab,1421.46,0,1,1,49.07585257745483,2.6143266811480164,34.30343565580939,31
102414,Oil & Gas,Unknown Agency,Punjab,151.0,1,0,0,8.838505460674298,12.269810181091763,21.55151749794148,16
102415,Oil & Gas,Unknown Agency,Tamil Nadu,31580.0,0,0,0,1532.2684407629276,10.639716915721422,1.4559193929664334,3
102416,Oil & Gas,Unknown Agency,Tamil Nadu,205.0,0,0,0,26.391191422294085,13.250587532948487,1.2514617534650752,0
102417,Oil & Gas,Unknown Agency,Tamil Nadu,3685.0,0,0,0,621.7882226275697,9.104190350505757,-0.33655813928851774,3
102418,Oil & Gas,Unknown Agency,Telangana,215.0,0,0,1,47.82387600340519,15.782453736068604,18.2531060549899,22
102419,Oil & Gas,Unknown Agency,Tripura,209.33,0,0,0,16.545946219738767,9.023515748170723,-1.93692229911343,2
102420,Oil & Gas,Unknown Agency,Uttar Pradesh,202.0,0,0,0,27.97945574086347,12.35721571806883,4.825135988361741,0
102421,Oil & Gas,Unknown Agency,Uttar Pradesh,186.0,1,0,1,58.736618238301276,7.9303364096203595,62.35603268481944,47
102422,Oil & Gas,Unknown Agency,Uttar Pradesh,260.12,0,0,0,28.24833587854144,12.792419727027053,2.389137289968307,1
102423,Oil & Gas,Unknown Agency,Uttar Pradesh,16654.0,0,0,0,379.7555726622777,7.155535909066984,-1.9586274000621757,2
102424,Oil & Gas,Unknown Agency,West Bengal,1740.0,0,0,1,239.07540609546817,9.551609173875875,25.192677330198592,20
102425,Others,Unknown Agency,West Bengal,267.0,0,0,0,4.040066702152728,7.435122284273945,1.230991157668567,0
102426,Oil & Gas,Unknown Agency,West Bengal,484.0,0,1,0,59.75392499913059,5.327131440207158,15.678195434994837,15
102427,Oil & Gas,Unknown Agency,West Bengal,1010.0,0,0,0,149.36679771755973,12.171604655023728,1.1324401618626823,-1
102428,Oil & Gas,Unknown Agency,West Bengal,2628.0,0,1,1,533.0882681850961,5.09901547083574,32.49377233924228,32
102429,Oil & Gas,Unknown Agency,West Bengal,609.0,0,1,0,131.64609505265986,13.652937097494984,15.305519122978323,13
102430,Healthcare,Unknown Agency,West Bengal,1017.0,0,0,0,32.570089027753056,7.111561628398121,4.9510422195003985,3
102431,Healthcare,Unknown Agency,Bihar,1264.0,0,0,0,117.73478182504664,14.101852990723785,-0.5882595978548051,2
102432,Healthcare,Unknown Agency,Bihar,250.0,0,0,1,56.13550513305603,15.909926693298992,23.669466040770494,17
102433,Healthcare,Unknown Agency,Chhattisgarh,325.0,0,0,0,66.7492518309103,9.65319154548849,-0.11334841627276226,-1
102434,Healthcare,Unknown Agency,Chhattisgarh,325.0,0,0,1,70.89229444555514,11.77712552892842,20.453707590543825,13
102435,Healthcare,Unknown Agency,Chhattisgarh,325.0,0,0,1,67.2721806163874,9.900457805964415,24.497997861225212,14
102436,Healthcare,Unknown Agency,Delhi,358.19,1,0,0,18.747953554372845,3.3824728002900075,20.64986125209188,36
102437,Healthcare,Unknown Agency,Delhi,4441.0,1,0,0,825.8441486776505,12.78548898304209,34.6492012153285,20
102438,Healthcare,Unknown Agency,Gujarat,1195.0,1,0,0,141.09912346685613,11.076185462184561,25.903082361895322,28
102439,Healthcare,Unknown Agency,Gujarat,325.0,0,0,0,21.06934581937952,10.480349083065931,2.6934688674646434,3
102440,Healthcare,Unknown Agency,Gujarat,325.0,0,0,0,9.951854362297809,7.244842622889365,1.7049688049238427,1
102441,Healthcare,Unknown Agency,Haryana,1299.0,0,0,0,158.09240709770586,9.793962265436164,4.366970603553064,0
102442,Healthcare,Unknown Agency,Delhi,1828.0,1,0,0,199.50741588120172,11.817720091661556,28.883981609365783,22
102443,Healthcare,Unknown Agency,Jharkhand,250.0,0,0,0,10.260302248614323,9.997679183741042,2.700443328398867,0
102444,Healthcare,Unknown Agency,Jharkhand,250.0,1,0,0,33.45018879104923,5.630232903634743,44.67538944029034,35
102445,Healthcare,Unknown Agency,Madhya Pradesh,325.0,0,0,0,43.810906293727584,8.485262140561066,0.816428072927859,3
102446,Healthcare,Unknown Agency,Madhya Pradesh,325.0,1,1,0,29.584429374297255,3.4868465840232634,47.22218368371107,29
102447,Healthcare,Unknown Agency,Punjab,325.0,0,1,0,62.71925357868825,9.543826084237324,20.74394705625743,17
102448,Healthcare,Unknown Agency,Punjab,325.0,0,1,1,5.22065967638556,5.2552946087054675,19.61263521577731,39
102449,Healthcare,Unknown Agency,Sikkim,250.0,1,0,0,44.12840065498317,11.1432614458964,20.141068823105154,28
102450,Healthcare,Unknown Agency,Tamil Nadu,1264.0,1,0,0,54.70055252264492,6.534802300964236,33.83957123410735,32
102451,Healthcare,Unknown Agency,Telangana,1028.0,0,0,0,95.0255831017191,7.028961459951917,0.1850965686632593,1
102452,Healthcare,Unknown Agency,Uttarakhand,325.0,0,0,0,27.68565734291002,9.70264780032359,2.6476047230865714,2
102453,Healthcare,Unknown Agency,Uttarakhand,325.0,0,0,0,22.40661769881001,3.1755649756201905,0.8917347576452181,2
102454,Healthcare,Unknown Agency,Andhra Pradesh,384.27,0,0,0,49.06204495782782,10.384624454238747,2.7379099040294133,3
102455,Healthcare,Unknown Agency,Assam,143.23,0,0,0,13.915971387076496,11.871695609426297,-1.0892117918591762,2
102456,Healthcare,Unknown Agency,Gujarat,558.12,1,0,0,117.97411958658967,10.787354251184425,22.952978811105687,35
102457,Healthcare,Unknown Agency,Gujarat,205.87,0,0,0,15.681439783095414,9.205219652002555,-0.31216579022322444,3
102458,Healthcare,Unknown Agency,Karnataka,278.0,1,0,0,78.21458284593076,5.881251273595133,38.108414782608065,39
102459,Healthcare,Unknown Agency,Karnataka,150.92,0,0,0,26.201898205274404,12.999052047557154,3.4435192179174496,0
102460,Healthcare,Unknown Agency,Maharashtra,429.25,0,0,0,27.557814909477997,7.831412338537561,3.5058328717051728,2
102461,Healthcare,Unknown Agency,Maharashtra,194.93,0,0,0,33.652782960949224,12.173788427827368,-0.3566108014360463,3
102462,Healthcare,Unknown Agency,Maharashtra,260.13,0,0,1,47.10680276577932,9.017982127618112,27.996212507188076,9
102463,Healthcare,Unknown Agency,Odisha,164.6,0,0,0,22.574370213344622,16.207272204051197,1.3797069658729701,1
102464,Water Resources,Unknown Agency,"Bihar, Jharkhand, Uttarakhand",102.4,1,0,1,15.10442485015237,11.728982580254296,64.93479582906994,25
102465,Others,Unknown Agency,"Uttar Pradesh, West Bengal",5369.18,0,0,0,654.2813365724808,12.080814601915854,3.611063252659738,-1
102466,Oil & Gas,Unknown Agency,Gujarat,4243.64,1,0,0,699.061307554085,15.94518098089145,32.82951630340961,29
102467,Others,Unknown Agency,Gujarat,171.0,0,0,1,26.5478775736227,13.979285162614083,14.920120545542085,15
102468,Others,Unknown Agency,Karnataka,153.23,1,0,0,16.58700837858673,3.8369436984895966,39.48154028764881,22
102469,Others,Unknown Agency,Maharashtra,6000.0,0,0,0,699.3652522325556,10.846506265094433,-0.5123726248386866,2
102470,Healthcare,Unknown Agency,Odisha,3004.63,0,0,0,185.1217925372548,10.661939770941359,3.3907220254064283,1
102471,Others,Unknown Agency,Gujarat,573.0,0,0,0,71.14702810395266,17.044613419564143,0.17383795885113695,3
102472,Roads & Highways,Unknown Agency,Haryana,763.0,0,0,0,107.93374378736576,9.498215621923343,3.2544535888263333,1
102473,Others,Unknown Agency,Andhra Pradesh,2786.0,0,0,0,543.0438601674872,13.406275463886168,-0.7129992333435604,-1
102474,Roads & Highways,Unknown Agency,Andhra Pradesh,2136.0,0,0,0,282.12094636808706,8.899397829010436,2.0661940445351616,2
102475,Roads & Highways,Unknown Agency,Andhra Pradesh,2139.44,0,0,0,108.762792634795,10.105830506151435,-1.6239440646568322,1
102476,Others,Unknown Agency,Karnataka,1701.81,0,1,1,252.8906816879744,12.33562260387756,47.94289047227003,29
102477,Others,Unknown Agency,Kerala,3805.0,1,0,0,588.9942851572869,14.257733592811384,23.441360067258415,15
102478,Others,Unknown Agency,Telangana,2360.0,0,0,0,387.1011941638423,11.171640985740577,2.3814562721858668,3
102479,Coal,Unknown Agency,Uttar Pradesh,658.0,0,0,1,126.86508277483068,11.04766529147689,25.694683706063365,22
102480,Others,Unknown Agency,Chhattisgarh,1700.0,0,0,0,134.66200444700257,9.612885281649184,-1.8398841375566717,2
102481,Others,Unknown Agency,Chhattisgarh,198.62,0,0,0,18.974208318631327,10.780411479092663,-0.9494364081070978,-1
102482,Others,Unknown Agency,Chhattisgarh,471.83,0,0,1,53.72781893565261,9.301518249992338,17.873387457402647,12
102483,Coal,Unknown Agency,Chhattisgarh,884.1,0,0,0,14.33662070476862,5.0653977524629,3.099531399498547,-1
102484,Coal,Unknown Agency,Chhattisgarh,2907.0,1,0,1,566.7429896566789,13.44801836475964,72.63663197256744,21
102485,Others,Unknown Agency,Chhattisgarh,2718.84,0,0,1,479.8800312972319,12.232963037514416,20.15554539850668,15
102486,Others,Unknown Agency,Jharkhand,1034.01,0,0,0,183.77410316986726,9.899554499143157,3.8188676088752285,-1
102487,Others,Unknown Agency,Jharkhand,211.94,0,0,0,32.08994847467392,11.35537497549064,-0.6428647340393134,3
102488,Others,Unknown Agency,Jharkhand,207.13,0,1,0,45.23736947070502,14.003774862051742,8.76232804684589,9
102489,Others,Unknown Agency,Jharkhand,513.82,0,0,0,34.175346000811544,7.089769462454171,1.6118283290429662,2
102490,Others,Unknown Agency,Jharkhand,260.37,1,0,0,52.32358335802674,14.217618384040549,44.075448254339435,35
102491,Others,Unknown Agency,Jharkhand,627.31,1,0,0,97.19130819887587,9.351439057995346,39.554525350281686,28
102492,Coal,Unknown Agency,Karnataka,1043.63,1,0,0,274.66047572113774,10.251440036637252,40.719841277058705,33
102493,Others,Unknown Agency,West Bengal,916.78,0,0,0,112.41071690115768,13.57642091830106,-1.331472561587121,-1
102494,Others,Unknown Agency,West Bengal,2115.44,0,0,0,328.2859940442019,9.057408954651887,1.8030108213055658,3
102495,Oil & Gas,Unknown Agency,West Bengal,758.09,0,0,0,78.05158498761057,10.597017454123467,4.597437634573091,2
102496,Others,Unknown Agency,West Bengal,227.96,0,0,0,5.28030758780946,6.141332016364984,3.6956611312773555,0
102497,Others,Unknown Agency,West Bengal,196.4,0,0,1,37.42890974209874,17.321411575791352,30.198028573410152,12
102498,Railways,Unknown Agency,West Bengal,2518.39,0,0,1,398.7288066739525,15.539737760526766,23.60672774171443,7
102499,Railways,Unknown Agency,Andhra Pradesh,2312.0,0,0,1,175.10600384200205,8.9980594199676,10.920139934701483,8
102500,Railways,Unknown Agency,Andhra Pradesh,351.83,0,1,0,76.2642288424413,10.6989857333188,16.96941052010939,14
102501,Others,Unknown Agency,Andhra Pradesh,293.3,1,0,1,66.23343066804296,13.472671283062926,41.94643938402818,34
102502,Others,Unknown Agency,Andhra Pradesh,560.72,0,0,0,93.30047461003753,14.818929479158292,-1.6272850869491489,2
102503,Railways,Unknown Agency,Andhra Pradesh,183.65,1,1,0,44.89976129224458,12.869579296109986,65.12249499694265,41
102504,Railways,Unknown Agency,Andhra Pradesh,154.28,0,0,0,24.29676322350808,12.789655471942798,-1.1816864209546751,3
102505,Railways,Unknown Agency,Andhra Pradesh,1215.56,0,0,0,201.60043599375774,12.919973723941709,4.742751749758069,-1
102506,Railways,Unknown Agency,Andhra Pradesh,877.34,0,0,0,95.2461338508042,9.160343810025068,2.7534538691284025,-1
102507,Railways,Unknown Agency,Andhra Pradesh,563.0,0,1,1,111.84147406251759,14.445914352461948,26.6391236404145,34
102508,Railways,Unknown Agency,Andhra Pradesh,2501.0,0,0,1,360.2531398734458,11.006284678242555,28.262088221846675,15
102509,Others,Unknown Agency,Andhra Pradesh,3733.0,0,0,0,536.3152335494619,15.773121544050383,2.322247281997611,1
102510,Railways,Unknown Agency,Andhra Pradesh,6654.0,1,0,1,386.7321942028635,1.1990786313151116,69.68040804021523,47
102511,Railways,Unknown Agency,Assam,3633.58,1,0,0,696.7926382296428,12.38858505858742,40.996244686600484,36
102512,Railways,Unknown Agency,Assam,4060.0,0,0,1,652.6910024436761,12.070058137045812,28.02793484649464,14
102513,Railways,Unknown Agency,Assam,890.36,0,0,0,174.77361603458303,15.887835936025077,2.7885943498541126,1
102514,Others,Unknown Agency,Assam,183.99,0,0,1,17.629497187348505,7.543579601078511,22.525777347570077,11
102515,Railways,Unknown Agency,Assam,237.52,0,0,1,18.905597781480314,7.668667388015393,14.64408245865359,15
102516,Railways,Unknown Agency,Bihar,735.2,0,0,0,71.58808976136913,11.592143295378222,2.8284543855139264,0
102517,Others,Unknown Agency,Bihar,611.74,0,0,1,87.61999142325067,15.284882989337177,13.21934679580443,22
102518,Railways,Unknown Agency,Bihar,4079.95,0,0,0,133.72227679526077,6.653413148599157,0.8544001699491828,0
102519,Railways,Unknown Agency,Bihar,614.0,0,0,1,90.11444435459998,7.386183416174617,21.837003788774886,16
102520,Railways,Unknown Agency,Bihar,2067.0,1,0,1,198.1873691077591,4.227159570235443,27.752721551482203,52
102521,Others,Unknown Agency,Bihar,1605.0,0,0,0,336.3852274088547,12.136151748360582,4.175078643269578,2
102522,Railways,Unknown Agency,Bihar,1473.0,0,0,0,121.44649048756946,8.068578206814664,1.2026104821497485,1
102523,Railways,Unknown Agency,Bihar,402.0,1,0,0,77.38107560574676,7.242121757730715,30.06766782725226,24
102524,Railways,Unknown Agency,Bihar,519.0,0,0,0,27.60409178792122,10.61941749117446,-1.4691023825236051,2
102525,Railways,Unknown Agency,Bihar,1216.0,0,0,0,128.50772307817135,10.686895077448192,0.9047245801294928,1
102526,Roads & Highways,Unknown Agency,Bihar,1586.0,0,0,0,136.11647785955142,10.648907085939811,2.0659815898652205,3
102527,Railways,Unknown Agency,Bihar,2373.64,0,0,0,21.720283421200747,7.26262045030029,-0.38548741118479857,0
102528,Railways,Unknown Agency,Bihar,645.0,0,0,0,23.623166445153856,7.032779419428806,4.110057457141059,-1
102529,Railways,Unknown Agency,Bihar,588.18,1,0,0,85.80693960015444,5.062885092501672,35.73630968925686,18
102530,Railways,Unknown Agency,Chhattisgarh,3055.0,0,0,1,337.1940842636059,14.060124804106103,32.28647619221858,20
102531,Railways,Unknown Agency,Chhattisgarh,1589.0,1,0,1,90.13520751469586,2.7678367933225725,36.02566087183489,43
102532,Railways,Unknown Agency,Chhattisgarh,1171.0,0,0,0,45.17290260926461,10.88066612020944,-1.2449772121104394,3
102533,Others,Unknown Agency,Chhattisgarh,170.49,1,1,1,4.23512597074006,0.7321024107076415,62.56231086095221,57
102534,Others,Unknown Agency,Chhattisgarh,7853.84,1,0,0,1183.872534488729,8.701816397199863,27.139730798182452,28
102535,Railways,Unknown Agency,Chhattisgarh,1516.45,0,0,0,198.61641081540404,14.612369649174148,-0.48026424487441677,0
102536,Roads & Highways,Unknown Agency,Chhattisgarh,1628.0,1,0,0,183.19991614197903,5.09538222579942,36.28027726040957,19
102537,Railways,Unknown Agency,Chhattisgarh,4970.0,0,1,0,225.29435419722813,3.482099744639057,11.642108601870282,25
102538,Others,Unknown Agency,Chhattisgarh,1376.0,0,0,0,164.73248619126582,10.773706165723993,4.002730819477051,1
102539,Others,Unknown Agency,Chhattisgarh,177.03,0,0,1,22.708484555048415,8.281538524887614,17.21859625771699,18
102540,Others,Unknown Agency,Chhattisgarh,177.34,1,0,0,17.83538195992556,7.938820311823445,47.169166672284476,28
102541,Others,Unknown Agency,Chhattisgarh,169.06,0,0,1,37.362945230030085,17.511271524407746,14.133146857656147,10
102542,Others,Unknown Agency,Chhattisgarh,328.34,0,1,0,21.24196119168225,5.6219176491530725,16.23075983977329,15
102543,Railways,Unknown Agency,Chhattisgarh,167.64,1,0,1,36.7853406480542,6.910098603374832,73.66668693507356,38
102544,Railways,Unknown Agency,Delhi,4744.0,1,0,1,1012.3840471355015,16.032827628645414,57.381417377311266,24
102545,Roads & Highways,Unknown Agency,Delhi,446.21,0,0,0,61.70099317883984,11.48003629887367,1.2128999099591526,2
102546,Railways,Unknown Agency,Delhi,667.0,0,0,1,103.57782882742751,10.706057741639384,12.53064530428831,12
102547,Others,Unknown Agency,Goa,1892.0,1,1,0,303.3833584180179,15.042627138408534,55.94032414953141,37
102548,Roads & Highways,Unknown Agency,Gujarat,468.0,0,0,1,72.77121825440017,9.283945925331164,21.523228848651698,21
102549,Railways,Unknown Agency,Gujarat,410.26,0,0,0,59.66529452742611,13.844619408746297,0.8188081951763237,-1
102550,Roads & Highways,Unknown Agency,Gujarat,307.11,0,1,0,51.503246411722856,15.959370877051242,10.103752268411068,12
102551,Others,Unknown Agency,Gujarat,670.17,0,0,0,124.64485696031386,15.591923941686371,-0.35404176493326966,3
102552,Railways,Unknown Agency,Gujarat,350.0,0,0,1,83.32337711755076,9.463782668742443,11.198110377780688,12
102553,Others,Unknown Agency,Gujarat,1430.0,0,0,0,206.36209290178806,9.167255260804659,-1.6672110311910775,1
102554,Others,Unknown Agency,Gujarat,487.0,0,0,0,59.496303204619664,11.520616662445967,3.206891324687045,3
102555,Railways,Unknown Agency,Gujarat,158.0,0,0,0,28.377454381298307,12.184216860908883,2.5674575255101875,3
102556,Roads & Highways,Unknown Agency,Gujarat,250.0,0,0,1,33.58284526718325,5.3220971508681245,14.807914600421299,15
102557,Railways,Unknown Agency,Gujarat,961.67,1,0,0,217.79323634330353,14.521509448184325,38.65289443875339,18
102558,Railways,Unknown Agency,Gujarat,2379.0,1,0,1,149.61377228361945,1.1567573489282734,61.626205874073214,43
102559,Railways,Unknown Agency,Gujarat,467.58,1,1,1,20.811022711058392,3.7228288437245016,63.18839907997091,53
102560,Railways,Unknown Agency,Gujarat,2526.47,0,0,0,401.99071770834144,10.550481541598344,3.013594348614718,3
102561,Railways,Unknown Agency,Gujarat,1456.77,0,0,0,202.61468010775792,10.001031062434105,2.781571037541614,2
102562,Roads & Highways,Unknown Agency,Gujarat,483.88,1,0,0,17.48163550393492,6.910574540428376,26.637352413559128,29
102563,Railways,Unknown Agency,Gujarat,262.0,0,0,1,24.65120054875058,11.682420913491,16.142691961452226,17
102564,Railways,Unknown Agency,Gujarat,1080.58,0,0,1,152.74575162871122,10.483154664664916,23.87887986657789,20
102565,Others,Unknown Agency,Gujarat,461.91,0,0,0,49.77969293936235,14.469932713963644,-0.4277658656097312,2
102566,Railways,Unknown Agency,Gujarat,437.21,1,0,0,54.66001785908003,14.547924761523554,39.39403897174361,15
102567,Railways,Unknown Agency,Haryana,471.0,0,1,1,53.42564595328325,8.507648640271436,21.72138770244144,30
102568,Railways,Unknown Agency,Jharkhand,349.22,0,0,1,55.73953934524726,6.756696650751072,25.792509784256037,15
102569,Railways,Unknown Agency,Jharkhand,2887.11,0,0,0,459.5810618455123,11.057148082484773,-1.337061957287926,2
102570,Railways,Unknown Agency,Jharkhand,902.86,0,0,0,106.11584377225711,11.632231539987721,-0.365952941521855,-1
102571,Roads & Highways,Unknown Agency,Jharkhand,686.0,0,0,0,68.02049720085859,6.764040398168831,4.023486321776123,1
102572,Railways,Unknown Agency,Jharkhand,473.0,0,0,0,44.31962483240585,8.920030276349223,3.5819581335718444,1
102573,Railways,Unknown Agency,Jharkhand,349.22,0,0,0,24.73744172864059,7.592256911973891,4.286971893090421,1
102574,Others,Unknown Agency,Karnataka,749.0,0,0,0,104.85412407573727,11.257694055177002,-1.8122416329542512,3
102575,Railways,Unknown Agency,Karnataka,314.1,1,1,0,18.868376681157365,7.119926834362918,47.29789621325943,53
102576,Others,Unknown Agency,Karnataka,2565.0,0,0,1,551.0282819034984,16.475348681651155,31.31948543813254,19
102577,Railways,Unknown Agency,Karnataka,1382.78,1,0,0,298.3120526983805,11.852600718930205,27.375594542883782,15
102578,Railways,Unknown Agency,Karnataka,2842.0,1,0,0,553.2953159331464,10.912243526692322,36.5185330328726,14
102579,Railways,Unknown Agency,Karnataka,825.0,1,0,1,242.43521839115238,15.916422048582199,70.91034421956658,28
102580,Railways,Unknown Agency,Karnataka,5174.0,0,1,1,1400.8041698024308,12.9073426444184,27.108369262411124,34
102581,Railways,Unknown Agency,Karnataka,1378.0,0,0,1,276.53843482078247,9.552937958116454,22.927290497909432,8
102582,Railways,Unknown Agency,Karnataka,1876.0,1,0,1,145.07474017460825,9.365048925657394,42.81466105612748,44
102583,Railways,Unknown Agency,Karnataka,493.0,1,0,1,54.56980558808006,5.557696028166294,65.50642347569163,47
102584,Railways,Unknown Agency,Karnataka,1454.0,0,0,1,85.47976996149877,8.40131137835682,16.54662111458986,14
102585,Railways,Unknown Agency,Karnataka,748.86,0,0,0,84.81836168925327,11.401074187354702,0.7570855392715137,0
102586,Railways,Unknown Agency,Karnataka,15767.0,0,0,0,1191.2939198340482,11.626400989861864,-0.7237514653732919,1
102587,Railways,Unknown Agency,Karnataka,1591.0,0,0,1,326.15488434458166,11.26212473882628,18.00727178618817,14
102588,Others,Unknown Agency,Kerala,813.0,1,0,1,12.494839186297035,3.5191345105010434,50.34166534828695,50
102589,Railways,Unknown Agency,Kerala,601.0,0,0,0,36.78564015319978,12.365479450931815,4.6450529902882005,2
102590,Railways,Unknown Agency,Madhya Pradesh,8914.0,0,1,1,1341.8576313701153,12.02596265641671,34.68968863829311,32
102591,Railways,Unknown Agency,Madhya Pradesh,500.0,0,0,0,51.69692591792412,8.28783206576955,1.3681172800360408,2
102592,Railways,Unknown Agency,Madhya Pradesh,2445.0,0,0,0,394.3467900634964,16.564605860939395,0.6854386718599406,3
102593,Railways,Unknown Agency,Madhya Pradesh,1248.0,0,0,1,178.08057608326789,14.354006687116016,27.635635006056326,19
102594,Railways,Unknown Agency,Madhya Pradesh,7474.0,0,0,1,912.6195986368002,7.456211398255096,19.578123431114413,8
102595,Railways,Unknown Agency,Madhya Pradesh,1095.88,1,0,0,185.27816990682493,11.009711942339692,19.67649768967617,11
102596,Railways,Unknown Agency,Maharashtra,492.76,1,0,1,32.2469066758372,9.259218174954619,60.65990454998292,41
102597,Railways,Unknown Agency,Maharashtra,3445.0,1,0,1,617.1355460961589,10.53518385942251,48.56944767155799,36
102598,Railways,Unknown Agency,Maharashtra,960.64,0,0,0,128.0906754907972,7.057936451053152,3.9523484000436495,2
102599,Railways,Unknown Agency,Maharashtra,955.39,1,0,0,214.6599691616533,12.61169684194676,21.50557198369822,37
102600,Railways,Unknown Agency,Maharashtra,1813.0,1,0,1,432.9645340233353,11.904244491317755,38.11917126726927,29
102601,Railways,Unknown Agency,Maharashtra,4373.04,0,0,0,446.51525410100385,10.576846027614103,1.0952302949910528,1
102602,Railways,Unknown Agency,Maharashtra,769.93,0,0,0,58.54254674062997,11.633956170467819,-0.052440422568464484,1
102603,Railways,Unknown Agency,Maharashtra,362.81,0,0,0,73.6723560283342,15.757527406616518,-0.40498121330048953,3
102604,Roads & Highways,Unknown Agency,Maharashtra,338.33,1,1,0,88.96318239993766,15.441882386877424,48.15994677313225,31
102605,Railways,Unknown Agency,Maharashtra,2538.67,0,0,0,513.7148071097317,10.031380017009937,2.484327526494342,2
102606,Railways,Unknown Agency,Maharashtra,138.48,1,0,1,15.548468976277405,11.752546916612243,49.59986559554538,44
102607,Railways,Unknown Agency,Maharashtra,1886.0,1,0,1,109.63502297148725,3.3752733180363315,41.37277523385929,41
102608,Railways,Unknown Agency,Maharashtra,3445.34,0,0,1,674.0280376380224,14.034638572116151,27.85647407078418,15
102609,Railways,Unknown Agency,Maharashtra,792.89,1,0,1,61.451062167593406,5.28527313273071,49.8834023637131,40
102610,Railways,Unknown Agency,Maharashtra,540.02,0,0,0,36.42244218073671,10.74895677281826,4.720867950506352,3
102611,Railways,Unknown Agency,Maharashtra,1384.72,0,0,1,167.68522573862572,8.631479198889863,18.747179960361954,19
102612,Railways,Unknown Agency,Maharashtra,2081.27,0,0,1,544.5403278720559,11.864031531024114,29.56805261374592,18
102613,Railways,Unknown Agency,Maharashtra,637.95,1,0,0,134.18356651727788,9.642183004711324,45.650868288711145,15
102614,Railways,Unknown Agency,Maharashtra,1035.16,0,0,0,183.47090268626914,17.611473831550505,-0.1111589685830372,1
102615,Railways,Unknown Agency,Maharashtra,904.92,0,0,0,146.03171971735338,16.343437709173514,2.9909698833336993,0
102616,Urban Public Transport,Unknown Agency,Maharashtra,1400.0,0,0,1,197.51512999202396,11.313049939734867,20.523826870254,13
102617,Urban Public Transport,Unknown Agency,Maharashtra,8087.0,0,0,0,1089.523639800359,11.391121392934117,2.0064256570326497,3
102618,Urban Public Transport,Unknown Agency,Maharashtra,33690.0,0,0,0,3772.734819646106,14.120797427582943,1.7644883520166594,0
102619,Railways,Unknown Agency,Maharashtra,10947.0,1,0,0,1727.080933468511,11.270858252803102,40.8908330518298,19
102620,Railways,Unknown Agency,Manipur,14323.0,0,0,0,2239.2341001770883,15.225049528430219,-0.49102990451589346,3
102621,Railways,Unknown Agency,Meghalaya,8324.28,0,0,0,545.237709446048,5.713794169657618,0.4083856371157215,3
102622,Railways,Unknown Agency,"Andhra Pradesh, Karnataka",297.0,1,0,1,50.17911559033416,6.459891710827581,48.39702556895956,37
102623,Roads & Highways,Unknown Agency,"Andhra Pradesh, Karnataka",2496.0,0,0,1,322.85126651445955,6.165387970239655,25.982576242200146,17
102624,Railways,Unknown Agency,"Andhra Pradesh, Karnataka",302.0,1,0,1,37.90071284017634,6.664167916617304,47.6047654428145,36
102625,Others,Unknown Agency,"Maharashtra, Telangana",4686.09,0,0,0,415.2823661174725,13.37655558987101,1.9186278954496343,0
102626,Railways,Unknown Agency,"Andhra Pradesh, Odisha",4803.0,1,0,0,464.63398417044164,5.626028027355732,36.1597931628209,34
102627,Railways,Unknown Agency,"Andhra Pradesh, Odisha",2500.0,0,0,1,312.5928294234732,16.266273188912287,33.784876037356604,16
102628,Others,Unknown Agency,"Andhra Pradesh, Tamil Nadu",3631.0,0,1,0,193.23210201711237,5.41550489496851,20.144223050705293,20
102629,Railways,Unknown Agency,"Andhra Pradesh, Telangana",1595.55,0,1,1,272.46584148664266,12.561562341717032,38.20637640651279,26
102630,Railways,Unknown Agency,"Andhra Pradesh, Telangana",2853.23,1,0,1,772.6835212386188,8.985615191921372,56.196094073156715,40
102631,Railways,Unknown Agency,"Andhra Pradesh, Telangana",2047.4,1,0,0,396.27063624151947,16.24117902753389,44.07189296993607,20
102632,Railways,Unknown Agency,"Andhra Pradesh, Telangana",1953.0,1,0,1,144.93822783557425,7.344342873431595,42.45645597856226,43
102633,Railways,Unknown Agency,"Andhra Pradesh, Telangana",647.0,0,0,1,90.74078066469349,12.087941674028215,16.221642965609668,15
102634,Railways,Unknown Agency,"Arunachal Pradesh, Assam",435.0,0,0,0,71.53106529948136,8.235488724133562,1.4383192835374476,3
102635,Railways,Unknown Agency,"Assam, Meghalaya",1304.62,0,1,0,258.7616248628858,12.27640181208912,13.938143142842135,9
102636,Railways,Unknown Agency,"Assam, Nagaland",2123.7,1,0,0,271.4007778424791,11.9217300820195,45.765891277884684,35
102637,Others,Unknown Agency,"Assam, Nagaland",6663.0,1,0,0,567.1592407403406,8.078854771454083,35.7134958252793,20
102638,Railways,Unknown Agency,"Jharkhand, Uttar Pradesh, West Bengal",6684.81,0,0,0,1348.6063041762568,14.620386892429256,-0.43914105072666665,3
102639,Railways,Unknown Agency,"Bihar, Jharkhand",12333.57,1,0,1,573.9222100236642,1.4079323667871337,50.83130631278274,45
102640,Railways,Unknown Agency,"Bihar, Jharkhand",1626.0,0,0,1,260.8342002229913,14.89746359784941,27.34480142641658,19
102641,Others,Unknown Agency,"Bihar, Jharkhand",2555.0,1,0,0,216.77616445661772,9.631901560676654,35.657818379094095,26
102642,Railways,Unknown Agency,"Bihar, Uttar Pradesh",380.47,0,0,1,51.79745905818563,10.691825843489507,28.87286623957704,16
102643,Railways,Unknown Agency,"Bihar, Uttar Pradesh",1120.0,0,1,0,232.8942304896168,14.700674624648485,17.82988088981582,5
102644,Railways,Unknown Agency,"Bihar, Uttar Pradesh",963.0,0,0,1,145.93392530663732,10.951314988198405,21.978283410484153,19
102645,Railways,Unknown Agency,"Bihar, West Bengal",942.64,0,0,0,35.90195327611707,7.125018400358215,4.6727568502055945,-1
102646,Railways,Unknown Agency,"Chhattisgarh, Maharashtra",2222.53,0,0,0,82.09739024686496,9.361716837342598,1.4604938758189823,0
102647,Others,Unknown Agency,"Chhattisgarh, Maharashtra",3545.0,0,0,0,335.18797581986246,7.139443124006291,2.4548408582864116,-1
102648,Railways,Unknown Agency,"Chhattisgarh, Odisha",1281.81,1,1,0,40.3015829266754,4.312471278346875,32.28503373912631,43
102649,Railways,Unknown Agency,"Chhattisgarh, Odisha",1547.0,0,0,0,233.02402908451757,8.002184332326975,-0.43241700307033604,3
102650,Others,Unknown Agency,"Chhattisgarh, Odisha",2140.0,0,1,0,470.71471747227247,13.652154874217892,19.263395795597468,10
102651,Others,Unknown Agency,"Gujarat, Maharashtra, Delhi",108000.0,1,0,1,30788.402526671794,11.546762794330597,61.524884751151454,33
102652,Others,Unknown Agency,"Goa, Maharashtra, Rajasthan",6806.44,0,0,0,1043.9513263069248,13.544844188050725,-1.3678839544199324,1
102653,Others,Unknown Agency,"Goa, Karnataka",5060.0,1,0,0,668.861354912041,14.406592145483522,22.780444658141555,16
102654,Railways,Unknown Agency,"Gujarat, Haryana, Karnataka",744.49,1,0,1,72.59646508941562,3.76689463940774,42.3770061203506,29
102655,Railways,Unknown Agency,"Maharashtra, Rajasthan, Uttar Pradesh",51101.0,0,0,0,7085.194155624402,12.403500179130347,3.2201546540360084,2
102656,Railways,Unknown Agency,"Gujarat, Madhya Pradesh",456.07,0,0,0,59.505182192253585,9.190674297255853,2.0315480981944605,0
102657,Others,Unknown Agency,"Gujarat, Madhya Pradesh",1794.0,0,1,0,369.9482222886061,8.782301967275767,18.939016867738893,23
102658,Roads & Highways,Unknown Agency,"Gujarat, Maharashtra",311.0,0,0,0,51.61871748798643,7.932588213875924,1.9538422355788572,-1
102659,Railways,Unknown Agency,"Gujarat, Rajasthan",2798.0,1,1,0,514.5652778546096,6.146346503534986,42.914812307940664,38
102660,Railways,Unknown Agency,"Gujarat, Rajasthan",3085.59,0,0,1,466.289623183431,9.205765294133057,12.345679626953281,11
102661,Railways,Unknown Agency,"Haryana, Himachal Pradesh",1540.0,1,0,1,286.91221520978047,17.03919016946859,59.78797098976705,28
102662,Roads & Highways,Unknown Agency,"Haryana, Rajasthan",352.0,0,0,1,38.11178508441155,5.7160281831502715,25.22795106719949,18
102663,Railways,Unknown Agency,"Himachal Pradesh, Punjab",2018.0,0,0,1,224.3918282890496,7.751078521461139,20.681973098548994,16
102664,Railways,Unknown Agency,"Himachal Pradesh, Punjab",13447.0,0,0,0,1987.7070430860294,15.358865766117177,0.9016587982161912,1
102665,Railways,Unknown Agency,"Jharkhand, Odisha",3029.0,0,0,1,723.9890462133295,13.233659776103906,18.96548091638212,20
102666,Water Resources,Unknown Agency,"Odisha, West Bengal",1459.13,1,0,0,192.6441375421091,8.421086997560174,30.222086333294147,36
102667,Others,Unknown Agency,"Jharkhand, West Bengal",1932.01,0,0,0,367.94191084198314,10.8190111856213,2.365667874709132,0
102668,Others,Unknown Agency,"Jharkhand, West Bengal",3250.0,0,0,0,525.707137629865,15.69678656700951,0.39605634072499196,3
102669,Railways,Unknown Agency,"Karnataka, Tamil Nadu",498.7,0,0,1,69.16319797190224,5.616772372083483,23.775807530868075,17
102670,Railways,Unknown Agency,"Kerala, Tamil Nadu",1432.0,0,0,0,75.5445291480587,10.531447501125754,2.479767039205976,-1
102671,Railways,Unknown Agency,"Madhya Pradesh, Maharashtra",1656.25,1,0,0,57.39429796349193,6.671365339876111,20.15977382086521,24
102672,Railways,Unknown Agency,"Madhya Pradesh, Maharashtra",2449.91,0,0,0,120.26170734088282,9.995702099456125,4.347064655442117,2
102673,Railways,Unknown Agency,"Madhya Pradesh, Rajasthan",2417.24,0,0,0,267.1922017990878,10.913071495720118,4.341724399490004,-1
102674,Railways,Unknown Agency,"Madhya Pradesh, Rajasthan",2913.0,1,0,0,235.68191016755026,11.848009487786637,37.308074821836556,22
102675,Railways,Unknown Agency,"Madhya Pradesh, Rajasthan",3032.0,0,0,0,190.49058700295336,12.784814729563095,3.5460135869790577,2
102676,Railways,Unknown Agency,"Madhya Pradesh, Rajasthan",495.0,0,0,1,55.572838015397394,13.398884314975824,19.23629207752235,14
102677,Railways,Unknown Agency,"Rajasthan, Uttar Pradesh",5961.0,0,0,0,779.7758599550039,10.87493638769314,2.7341730528504735,2
102678,Railways,Unknown Agency,"Madhya Pradesh, Uttar Pradesh",2002.0,0,0,0,295.6278954400525,8.813320828317211,-0.18844735915670618,0
102679,Railways,Unknown Agency,"Madhya Pradesh, Uttar Pradesh",4330.0,0,1,1,438.36081738144253,4.887289775516046,26.190900011267445,28
102680,Railways,Unknown Agency,"Maharashtra, Telangana",2595.0,1,0,0,416.1058513807342,5.573806429838462,42.59762407930272,26
102681,Railways,Unknown Agency,"Odisha, West Bengal",2400.0,0,0,0,164.75451325826702,6.0506599804121635,-1.5861287208031696,-1
102682,Railways,Unknown Agency,"Tamil Nadu, Puducherry",713.0,0,1,0,68.22959528202833,12.601331091479455,8.055640352357656,13
102683,Roads & Highways,Unknown Agency,"Sikkim, West Bengal",7877.0,0,0,0,1424.7471716042046,13.14647397363052,-0.3039838820273473,3
102684,Coal,Unknown Agency,West Bengal,461.64,0,1,0,65.57349084724643,9.80300785298327,14.202155189737786,14
102685,Roads & Highways,Unknown Agency,Odisha,808.99,0,1,1,239.30408106311808,13.966154573080441,35.525438279473185,42
102686,Railways,Unknown Agency,Odisha,168.32,1,0,0,43.00459918240151,8.251131299509016,48.01802599013099,28
102687,Railways,Unknown Agency,Odisha,210.0,0,0,0,43.53056848731043,12.362788897115031,4.5016319411168375,-1
102688,Railways,Unknown Agency,Odisha,186.21,0,0,0,29.14172414184638,11.855360155510475,3.0386405358076907,1
102689,Railways,Unknown Agency,Odisha,297.0,0,0,0,35.18388568716355,6.685516815249418,4.560071872380495,3
102690,Water Resources,Unknown Agency,Odisha,252.0,1,0,0,40.693563654831166,11.747565524403171,29.507634573623235,28
102691,Others,Unknown Agency,Odisha,244.99,0,0,0,32.26698197062315,13.312201544089223,3.5107405200927397,-1
102692,Water Resources,Unknown Agency,Odisha,2269.49,0,0,0,268.8089301852706,14.066929292933516,2.649146116595144,-1
102693,Railways,Unknown Agency,Odisha,1875.72,0,0,1,308.7228186819268,12.174497467909433,28.129021538325652,21
102694,Railways,Unknown Agency,Odisha,200.77,0,0,0,9.397513682066972,5.283303635424261,-0.7942819259682197,1
102695,Railways,Unknown Agency,Odisha,300.15,0,0,1,41.601280537091185,5.855576939400484,31.222302505192985,8
102696,Railways,Unknown Agency,Odisha,1165.89,1,0,0,164.7319748893476,13.97046312340581,20.34776321664906,32
102697,Roads & Highways,Unknown Agency,Odisha,2864.51,0,0,0,58.75248637601817,9.866185063860371,2.4991859770359834,1
102698,Railways,Unknown Agency,Odisha,3792.0,0,0,0,565.726342839529,17.00285156450657,2.4459252303519445,3
102699,Railways,Unknown Agency,Odisha,1928.0,0,0,0,262.76293473915365,7.421336937235182,4.387443552245511,3
102700,Railways,Unknown Agency,Odisha,1284.0,1,0,0,244.74807301860142,10.97064586944358,37.599034005967994,38
102701,Roads & Highways,Unknown Agency,Odisha,2362.0,0,0,0,285.58623345511387,12.205118683293392,3.749418834541852,3
102702,Railways,Unknown Agency,Odisha,1000.0,0,1,0,238.73095744224406,10.8233998717878,16.759936909948344,21
102703,Railways,Unknown Agency,Odisha,1173.0,0,0,0,197.84267847448325,12.495124877004777,-1.1504716144091587,0
102704,Railways,Unknown Agency,Odisha,748.0,0,0,1,67.41401898094077,6.185304779133146,22.39512859795059,18
102705,Roads & Highways,Unknown Agency,Odisha,2344.0,0,0,0,153.96726027887917,5.414139276467452,0.08856659090027375,0
102706,Railways,Unknown Agency,Odisha,267.61,0,0,0,26.95258917304953,9.336763176772227,0.48495384668188013,1
102707,Railways,Unknown Agency,Odisha,190.0,1,0,1,1.6137392249786922,0.8064629163460032,56.03097669924527,43
102708,Others,Unknown Agency,Delhi,819.0,1,0,1,53.065119832030874,7.314010891110772,61.920803368942,35
102709,Railways,Unknown Agency,Delhi,274.39,1,0,0,45.26249082150653,10.843601319868327,29.554989565472997,19
102710,Railways,Unknown Agency,Punjab,234.78,0,0,0,36.972617767524156,13.854937382714915,3.899613140489061,1
102711,Railways,Unknown Agency,Punjab,237.64,1,0,0,34.5193600462695,7.494679782596647,37.33848770647839,17
102712,Railways,Unknown Agency,Rajasthan,968.92,0,0,1,141.47238722037116,11.908921193894628,13.265128267431304,12
102713,Railways,Unknown Agency,Rajasthan,166.86,0,0,0,27.706195741712577,13.394731047815263,1.4857981887030682,-1
102714,Railways,Unknown Agency,Rajasthan,799.64,0,0,0,147.82763735321237,13.958593350860454,3.7652829253543123,0
102715,Railways,Unknown Agency,Rajasthan,1634.79,1,0,1,268.570089967672,5.117740755953927,59.80344160065121,45
102716,Railways,Unknown Agency,Rajasthan,468.64,0,0,0,61.371097895978096,12.039599285228814,-0.21356432246402202,3
102717,Railways,Unknown Agency,Rajasthan,189.21,0,0,1,39.05985458810363,12.381402511681074,13.156579158767382,9
102718,Railways,Unknown Agency,Rajasthan,166.33,0,0,0,24.532498524171046,11.266024321214573,3.4985790003485144,-1
102719,Railways,Unknown Agency,Rajasthan,747.0,0,0,0,106.962124363523,11.484608077063918,1.4162268854855782,2
102720,Railways,Unknown Agency,Rajasthan,819.48,0,0,0,86.09732881403659,11.552635570684913,-1.412748641835259,1
102721,Others,Unknown Agency,Rajasthan,1203.89,0,0,0,85.29967616428155,5.8856729265028065,-0.12824558312982637,2
102722,Railways,Unknown Agency,Rajasthan,1390.0,0,0,1,143.08440958045068,7.195312986935363,21.274102644509988,15
102723,Railways,Unknown Agency,Rajasthan,466.42,0,0,1,45.965045865618606,5.370335140719492,23.6347673913844,14
102724,Railways,Unknown Agency,Rajasthan,304.0,1,0,0,53.363238144580464,13.658749227638829,42.32408009703368,23
102725,Railways,Unknown Agency,Tamil Nadu,734.0,0,0,0,103.23608663197342,12.999031864259763,-0.5458484169109268,3
102726,Others,Unknown Agency,Tamil Nadu,842.0,0,1,0,86.53015106631642,9.318836131917578,7.113650657323372,15
102727,Railways,Unknown Agency,Tamil Nadu,520.0,1,0,0,148.731687282228,12.409430649978646,43.535021703231244,28
102728,Roads & Highways,Unknown Agency,Tamil Nadu,601.43,0,0,0,21.851140713712766,8.839046989791498,2.75807624411439,3
102729,Railways,Unknown Agency,Telangana,770.12,0,0,0,97.03788429624618,12.26691073204534,2.707832714360232,-1
102730,Others,Unknown Agency,Telangana,521.36,0,1,0,54.057289436556324,7.279985591270709,7.870485747432845,19
102731,Railways,Unknown Agency,Telangana,385.0,0,0,0,53.55947337340447,12.46330307402528,3.0831330254943987,2
102732,Railways,Unknown Agency,Telangana,1160.0,0,0,1,127.21196440911609,7.640270704559706,14.714984308370116,13
102733,Railways,Unknown Agency,Uttar Pradesh,4939.78,0,0,0,908.80293821946,13.248584330383874,3.9454607201120613,2
102734,Roads & Highways,Unknown Agency,Uttar Pradesh,1319.75,0,0,0,62.3777116334561,14.449928830035795,3.513229113053903,1
102735,Railways,Unknown Agency,Uttar Pradesh,2464.46,0,0,1,220.3883286330258,6.763229125210082,27.309766855717733,15
102736,Railways,Unknown Agency,Uttar Pradesh,958.27,0,0,0,60.10537999502685,10.720671157359163,0.21138147491128567,-1
102737,Railways,Unknown Agency,Uttar Pradesh,1423.96,0,1,1,306.43332708250654,7.661738748145176,44.380055288496145,20
102738,Others,Unknown Agency,Uttar Pradesh,199.96,0,0,0,34.139222609413295,14.158273874931808,2.7687109255071967,0
102739,Railways,Unknown Agency,Uttar Pradesh,180.66,0,0,1,26.196623965840402,10.016963045366182,15.98152035664031,13
102740,Others,Unknown Agency,Uttar Pradesh,1016.0,0,0,0,73.27353548969302,3.414404609330333,1.4835055575036336,3
102741,Railways,Unknown Agency,Uttar Pradesh,722.0,1,0,0,79.19193955270151,6.876080219231524,42.14166520103295,18
102742,Railways,Unknown Agency,Uttar Pradesh,304.44,0,0,0,54.47893542341177,11.588000548570882,2.318389414410099,2
102743,Railways,Unknown Agency,Uttar Pradesh,494.0,0,0,0,28.934643628800984,5.892741582727098,2.726997338671893,3
102744,Railways,Unknown Agency,Uttar Pradesh,2649.0,0,0,1,249.6886992143576,3.9548714934301854,15.82390760850375,14
102745,Railways,Unknown Agency,Uttar Pradesh,758.0,0,0,1,114.9309213703699,10.480385877501817,13.6228817593866,18
102746,Others,Unknown Agency,Uttar Pradesh,250.18,0,1,0,39.47627373122448,13.963210728925603,14.149709723732567,23
102747,Railways,Unknown Agency,Uttar Pradesh,2529.0,0,0,0,136.5739079673317,12.003330775701954,-1.5870044390262037,0
102748,Railways,Unknown Agency,Uttar Pradesh,407.0,1,0,0,63.58275697889785,9.221926984395001,39.09437072439485,35
102749,Others,Unknown Agency,Uttar Pradesh,1457.0,0,0,0,82.2642948161349,5.83734512659791,-0.6393818813273193,-1
102750,Others,Unknown Agency,Uttarakhand,38953.0,0,0,0,3719.9744786070078,10.145849382784661,-0.1873922582370029,-1
102751,Railways,Unknown Agency,West Bengal,1000.0,0,0,0,137.6973384572807,11.282466131406927,-1.5196393394030405,-1
102752,Railways,Unknown Agency,West Bengal,1189.0,0,0,0,126.51473559975204,6.557334208892371,1.0096625898592948,3
102753,Railways,Unknown Agency,West Bengal,8964.0,0,1,0,925.3180485260073,9.716110512133554,23.83513170529129,11
102754,Others,Unknown Agency,West Bengal,1209.0,0,0,1,153.09190407463493,5.257228256558072,20.806673298067835,13
102755,Railways,Unknown Agency,West Bengal,226.87,0,1,0,21.042547526235637,11.357357865751098,14.282559418060586,11
102756,Railways,Unknown Agency,West Bengal,4835.0,0,0,0,322.2337585923233,11.979607232691286,2.1083088427829964,3
102757,Railways,Unknown Agency,West Bengal,4830.0,0,0,0,636.7443736761293,11.642402436339296,-1.3722960689398935,-1
102758,Water Resources,Unknown Agency,West Bengal,2298.0,0,0,0,265.20669182551035,9.167686606056304,3.794054147695129,0
102759,Roads & Highways,Unknown Agency,Delhi,207.45,1,0,0,36.442878387283585,13.012898041964462,34.7341002189294,20
102760,Roads & Highways,Unknown Agency,Delhi,183.56,0,0,0,14.649663289548442,10.368159720938081,-0.050217286566005326,1
102761,Roads & Highways,Unknown Agency,Delhi,262.96,1,0,0,50.65537285764678,14.849058145735043,32.18789071351186,27
102762,Roads & Highways,Unknown Agency,Andhra Pradesh,436.09,0,0,0,35.23789447123448,15.497481087656027,2.7236747593559594,1
102763,Roads & Highways,Unknown Agency,Andhra Pradesh,159.66,0,0,0,22.388828997772066,12.155991695275475,3.1901467856818257,1
102764,Others,Unknown Agency,Andhra Pradesh,317.22,1,0,1,30.094605051791515,7.580353734113725,42.862242642649306,44
102765,Roads & Highways,Unknown Agency,Andhra Pradesh,529.54,0,1,0,97.4697585163991,10.180219372149885,11.275657308769782,25
102766,Roads & Highways,Unknown Agency,Andhra Pradesh,292.63,0,0,0,23.54369432009829,8.076310358684399,-1.3440536585823672,2
102767,Roads & Highways,Unknown Agency,Andhra Pradesh,691.81,0,0,0,13.493870707188307,3.48719081345547,0.8473133623444902,-1
102768,Roads & Highways,Unknown Agency,Andhra Pradesh,776.17,0,0,0,65.07331871215933,6.40625438711281,0.0958695733707593,1
102769,Roads & Highways,Unknown Agency,Andhra Pradesh,242.0,0,0,0,23.36492381908269,9.442264337073496,2.0712525950325453,2
102770,Roads & Highways,Unknown Agency,Andhra Pradesh,290.15,0,0,0,25.276725626100927,8.360627373058335,0.28838215319878824,-1
102771,Roads & Highways,Unknown Agency,Andhra Pradesh,1318.59,1,0,0,75.54058974127202,1.9443765625238978,40.77422810234672,22
102772,Others,Unknown Agency,Andhra Pradesh,439.82,0,0,0,66.38836195141681,15.10271686332434,3.029496912432868,1
102773,Roads & Highways,Unknown Agency,Andhra Pradesh,808.7,0,0,1,165.21383782555762,11.445440856230796,29.50739885935295,19
102774,Roads & Highways,Unknown Agency,Andhra Pradesh,1019.97,0,0,0,76.103846243774,7.823382039550879,-0.9705011473363814,1
102775,Roads & Highways,Unknown Agency,Andhra Pradesh,244.83,0,0,0,18.007710948691084,11.447581295337855,-1.3622011150712086,1
102776,Others,Unknown Agency,Andhra Pradesh,881.61,0,0,0,118.41902557291615,13.631122130980273,-0.35343331428603353,1
102777,Others,Unknown Agency,Andhra Pradesh,279.29,0,0,1,53.500373724296,11.50771141718866,22.099169726985295,8
102778,Others,Unknown Agency,Andhra Pradesh,228.32,0,0,0,27.81366233318321,11.198519180294486,0.17036657546067957,1
102779,Roads & Highways,Unknown Agency,Andhra Pradesh,568.12,1,0,0,154.17283258170804,15.682062708368154,42.490414041045625,20
102780,Roads & Highways,Unknown Agency,Andhra Pradesh,839.98,0,0,0,108.98924136716192,14.576050779790584,-0.43896340899704844,1
102781,Roads & Highways,Unknown Agency,Andhra Pradesh,403.22,0,1,0,58.68568941372098,13.638315155055608,7.2254447965837745,22
102782,Roads & Highways,Unknown Agency,Andhra Pradesh,423.67,0,0,1,75.88475827908255,12.777811233436893,11.60833158146218,19
102783,Others,Unknown Agency,Andhra Pradesh,368.63,0,0,1,58.799687900899755,9.584199243410765,21.884845164245487,8
102784,Roads & Highways,Unknown Agency,Andhra Pradesh,294.13,1,0,0,13.682314313160411,3.7813859382727575,37.81444249311854,31
102785,Roads & Highways,Unknown Agency,Andhra Pradesh,316.06,0,0,0,24.520731056898143,7.9034726680267795,-0.8528002353313604,0
102786,Roads & Highways,Unknown Agency,Andhra Pradesh,263.45,1,0,1,78.64549878866293,10.466122097039975,60.32979307634428,48
102787,Roads & Highways,Unknown Agency,Andhra Pradesh,350.61,0,0,0,60.12764282140179,11.199741454721373,3.7889611795585454,-1
102788,Roads & Highways,Unknown Agency,Andhra Pradesh,445.22,1,0,1,83.13205904199378,5.150629617658566,65.10836368756611,49
102789,Others,Unknown Agency,Andhra Pradesh,244.43,1,0,1,53.116135123807396,11.982988756559259,65.99310407996211,36
102813,Roads & Highways,Unknown Agency,Andhra Pradesh,1092.18,1,0,0,175.39135342728088,7.879852864433287,20.814743485086577,21
102790,Roads & Highways,Unknown Agency,Andhra Pradesh,361.24,0,0,0,61.342965903309164,11.631040612766306,0.29188783164450127,1
102791,Roads & Highways,Unknown Agency,Andhra Pradesh,311.22,0,0,1,27.078874938484773,12.989754929305121,14.895184454929915,16
102792,Others,Unknown Agency,Andhra Pradesh,349.29,0,0,0,40.10629667199785,11.384312133453335,2.967702023524347,0
102793,Others,Unknown Agency,Andhra Pradesh,296.66,0,0,0,55.84646370528861,17.06017646245867,4.413990369284819,1
102794,Roads & Highways,Unknown Agency,Andhra Pradesh,222.61,0,0,0,45.08792830625762,13.916923813076693,1.502945402391381,3
102795,Roads & Highways,Unknown Agency,Andhra Pradesh,6808.69,0,1,0,1030.3826920273887,13.827389531258312,15.790387878168477,16
102796,Roads & Highways,Unknown Agency,Andhra Pradesh,2548.04,0,1,0,444.9823958087111,12.894376572726372,21.90992300788788,17
102797,Roads & Highways,Unknown Agency,Andhra Pradesh,1407.33,0,0,0,155.37124422998124,13.043117413353272,2.639110018974411,-1
102798,Roads & Highways,Unknown Agency,Andhra Pradesh,257.98,0,0,0,33.16381263334321,15.001408181804752,-0.40967613505936207,1
102799,Roads & Highways,Unknown Agency,Andhra Pradesh,326.61,0,1,0,47.40931315457992,12.125516024169201,16.65350958701817,13
102800,Roads & Highways,Unknown Agency,Andhra Pradesh,665.59,0,0,0,153.1105167634489,17.548888500266372,2.1496730215721023,0
102801,Roads & Highways,Unknown Agency,Andhra Pradesh,1194.57,0,0,0,153.84085697049943,13.532414235874036,0.22478200908708645,-1
102802,Roads & Highways,Unknown Agency,Andhra Pradesh,2527.0,1,0,0,391.88484044419874,9.039935724239385,25.972173394857258,16
102803,Roads & Highways,Unknown Agency,Andhra Pradesh,416.07,0,0,0,38.7924064298021,6.706250526272839,3.9211691277937444,-1
102804,Roads & Highways,Unknown Agency,Andhra Pradesh,1732.66,1,1,1,217.51237280503136,3.920172526837484,77.34096168711918,47
102805,Roads & Highways,Unknown Agency,Andhra Pradesh,1112.7,0,0,1,196.19850011207427,10.348260814782407,25.86551590097836,12
102806,Roads & Highways,Unknown Agency,Andhra Pradesh,1863.09,1,0,0,179.5770752799436,7.002804784762022,38.51159295063688,26
102807,Roads & Highways,Unknown Agency,Andhra Pradesh,912.94,0,0,0,30.283912832516762,3.2882774256537033,3.0176830726044885,-1
102808,Roads & Highways,Unknown Agency,Andhra Pradesh,1200.42,0,0,0,105.16912915556122,7.997288804387523,3.277064935808692,2
102809,Roads & Highways,Unknown Agency,Andhra Pradesh,1253.26,0,0,0,166.33883232724997,14.995204311521839,4.404151245446989,1
102810,Roads & Highways,Unknown Agency,Andhra Pradesh,1058.9,0,0,0,170.14093927798575,10.443244080493614,2.545956263655553,0
102811,Roads & Highways,Unknown Agency,Andhra Pradesh,992.91,0,0,0,138.1397237264191,13.031095316329484,-1.4860553248682122,2
102812,Roads & Highways,Unknown Agency,Andhra Pradesh,750.81,0,0,0,46.23809195229478,4.906222791246293,4.795717991465652,-1
102814,Roads & Highways,Unknown Agency,Andhra Pradesh,909.02,0,0,0,122.99637155087407,12.10147737522341,3.4483704203964685,3
102815,Roads & Highways,Unknown Agency,Andhra Pradesh,987.1,0,1,0,128.69177252017607,7.560382762070631,10.3044275033906,7
102816,Roads & Highways,Unknown Agency,Andhra Pradesh,1292.65,1,0,0,193.51756884386964,12.342392400953429,17.216530380051505,22
102817,Roads & Highways,Unknown Agency,Andhra Pradesh,569.37,1,0,0,89.36697834241943,11.438835376045219,25.859311125048606,30
102818,Roads & Highways,Unknown Agency,Andhra Pradesh,711.94,0,0,0,81.70101206725889,10.435050708765914,0.40036655393528253,2
102819,Roads & Highways,Unknown Agency,Andhra Pradesh,1063.57,0,0,0,168.90828133379023,15.672811651763432,3.167024615047067,1
102820,Roads & Highways,Unknown Agency,Andhra Pradesh,1877.47,0,0,0,166.60458578678913,11.4372247157186,3.414008811929815,-1
102821,Roads & Highways,Unknown Agency,Andhra Pradesh,1877.47,0,1,0,334.5753600600425,9.810771215281996,13.785719664282666,18
102822,Roads & Highways,Unknown Agency,Andhra Pradesh,645.63,0,0,0,62.33659349187462,14.134756543939496,0.13556943356103535,-1
102823,Roads & Highways,Unknown Agency,Andhra Pradesh,348.72,0,0,0,55.27533915966205,11.034291029782128,1.7419599890907107,1
102824,Roads & Highways,Unknown Agency,Andhra Pradesh,977.33,0,0,1,114.03843017962026,8.95983246215043,25.535386558915274,15
102825,Roads & Highways,Unknown Agency,Andhra Pradesh,685.99,0,0,0,84.54953537721974,11.323480197275362,3.5802896477203188,3
102826,Roads & Highways,Unknown Agency,Andhra Pradesh,609.43,0,0,1,102.90154917121367,12.321122926583687,17.781313888841566,20
102827,Roads & Highways,Unknown Agency,Andhra Pradesh,907.76,1,0,0,196.16911349430234,10.911569385414417,26.203723069933517,22
102828,Roads & Highways,Unknown Agency,Andhra Pradesh,1097.57,0,0,0,102.81261327797046,11.686061122874428,-0.29188784488140773,3
102829,Roads & Highways,Unknown Agency,Andhra Pradesh,887.28,0,0,0,55.56727737270717,7.504387188635235,1.122349678059618,2
102830,Roads & Highways,Unknown Agency,Andhra Pradesh,1346.82,0,1,0,200.9049185957449,16.22453704125341,11.112095169682505,20
102831,Roads & Highways,Unknown Agency,Andhra Pradesh,1581.24,0,0,1,358.25398331270776,8.560200279809212,20.474344662369976,21
102832,Roads & Highways,Unknown Agency,Andhra Pradesh,1500.11,0,0,0,286.39138544770174,10.931707105217598,3.664955706248051,0
102833,Roads & Highways,Unknown Agency,Andhra Pradesh,840.51,0,1,0,165.46840019696504,13.046662722798906,13.360433251021473,11
102834,Roads & Highways,Unknown Agency,Andhra Pradesh,1012.57,0,0,0,144.68439360483592,10.145881229693138,2.626223754342023,0
102835,Roads & Highways,Unknown Agency,Andhra Pradesh,813.66,0,1,0,50.368308764270964,11.506828114354,12.538323680584377,23
102836,Roads & Highways,Unknown Agency,Andhra Pradesh,747.29,0,1,0,141.15394298084937,13.135765334859212,14.190364405467736,14
102837,Roads & Highways,Unknown Agency,Andhra Pradesh,1103.9,1,0,0,293.986741770237,14.647701633993542,45.52750941405175,14
102838,Roads & Highways,Unknown Agency,Andhra Pradesh,976.41,0,0,0,139.01802959970007,10.881473017070604,-0.23068113849070948,1
102839,Roads & Highways,Unknown Agency,Andhra Pradesh,1398.84,0,0,1,284.564204928183,11.261797098148094,27.915724682130257,19
102840,Roads & Highways,Unknown Agency,Andhra Pradesh,864.2,1,0,0,144.25008662754902,12.094940038851952,35.51223304758209,15
102841,Roads & Highways,Unknown Agency,Andhra Pradesh,166.52,0,0,0,21.468987433009076,9.999244993857086,1.5957813080809662,1
102842,Roads & Highways,Unknown Agency,Arunachal Pradesh,450.65,0,0,0,98.86385588610622,17.027901956462486,3.5355322488263683,3
102843,Roads & Highways,Unknown Agency,Arunachal Pradesh,496.47,0,1,0,52.67363043849616,9.516019943450669,7.223093240531172,19
102844,Roads & Highways,Unknown Agency,Arunachal Pradesh,1418.67,0,1,1,214.45446078766122,4.602203438393227,25.749730228868636,42
102845,Roads & Highways,Unknown Agency,Arunachal Pradesh,1262.43,0,0,0,224.32518689670405,11.854880464836093,2.389839784913577,2
102846,Roads & Highways,Unknown Agency,Arunachal Pradesh,275.5,0,1,1,36.15270955345,10.856546846570499,31.837011837798087,30
102847,Roads & Highways,Unknown Agency,Arunachal Pradesh,625.61,0,0,0,93.75976817044778,12.006358791281052,3.879197090659022,3
102848,Roads & Highways,Unknown Agency,Arunachal Pradesh,898.19,0,0,0,138.47342167778982,15.75362883359113,3.1186244776309255,0
102849,Roads & Highways,Unknown Agency,Arunachal Pradesh,228.72,1,0,0,47.177942673798185,11.592246616652524,38.688436913118835,20
102850,Roads & Highways,Unknown Agency,Arunachal Pradesh,184.89,0,0,0,22.959340342896226,16.39624423841581,-1.4951302405546179,2
102851,Roads & Highways,Unknown Agency,Arunachal Pradesh,1718.59,0,0,0,317.2938377024574,15.81485225574195,-1.8170895801720768,0
102852,Roads & Highways,Unknown Agency,Arunachal Pradesh,353.9,0,1,0,65.59429059498655,7.198183755021677,20.083241141561917,14
102853,Roads & Highways,Unknown Agency,Arunachal Pradesh,316.73,0,0,0,41.31533783308174,14.464253995917936,2.92143762756662,-1
102854,Roads & Highways,Unknown Agency,Assam,535.03,0,0,1,135.52880136758066,15.384828150381644,24.069644843284873,15
102855,Roads & Highways,Unknown Agency,Assam,421.15,0,0,1,61.00101318855562,12.401123995761175,22.811862014911473,20
102856,Others,Unknown Agency,Assam,173.65,0,0,0,20.891166283329653,11.968256299728836,-0.021062910295750026,2
103933,Water Resources,Unknown Agency,Maharashtra,7222.95,0,0,0,289.95501515639717,4.506299307748279,4.650438037141639,1
102857,Roads & Highways,Unknown Agency,Assam,382.1,0,0,0,18.8573611217667,9.550345976410163,3.1699375654006587,1
102858,Others,Unknown Agency,Assam,1019.17,0,0,0,149.65935618995059,14.852710695522774,-0.4339754001712186,-1
102859,Others,Unknown Agency,Assam,1264.9,0,0,0,230.26816031739372,16.85534183399581,3.7471936099267795,2
102860,Roads & Highways,Unknown Agency,Assam,1000.27,0,1,0,118.81797518083886,12.34763626109364,18.624510630418172,11
102861,Roads & Highways,Unknown Agency,Assam,1457.59,0,0,1,165.59390465127012,18.066137259145904,21.380580431893613,17
102862,Roads & Highways,Unknown Agency,Assam,286.72,0,1,0,36.7697867174555,14.985424446912525,16.71487298148034,8
102863,Roads & Highways,Unknown Agency,Assam,746.76,1,0,0,132.75189191731994,11.388984906337143,44.56682974809045,24
102864,Roads & Highways,Unknown Agency,Assam,1338.61,1,0,0,201.84821533778847,5.8137610146923,23.718418114628296,31
102865,Roads & Highways,Unknown Agency,Assam,1081.15,0,1,1,54.525834767699095,6.933799273653214,29.171540546546282,31
102866,Roads & Highways,Unknown Agency,Assam,224.85,0,1,1,16.840967435637253,11.732195822005124,36.07398084454319,29
102867,Roads & Highways,Unknown Agency,Assam,676.18,0,0,1,43.5031517395484,5.763090564258055,17.297272965465012,20
102868,Roads & Highways,Unknown Agency,Assam,1319.55,0,0,0,91.88645948144676,5.9103643145338225,1.8732121108891695,2
102869,Roads & Highways,Unknown Agency,Assam,791.79,0,0,0,86.26200884928937,12.227340412661732,4.348746282999079,-1
102870,Roads & Highways,Unknown Agency,Assam,870.0,0,0,0,54.81290976886635,11.251571299720894,2.522118071994396,-1
102871,Roads & Highways,Unknown Agency,Assam,1258.13,0,0,1,180.0229489553908,11.793863820906985,20.187176194332096,8
102872,Roads & Highways,Unknown Agency,Assam,1181.55,0,0,0,145.07403992288283,7.471285707422634,4.001891065744176,2
102873,Roads & Highways,Unknown Agency,Assam,1716.21,0,0,0,216.08635046967265,12.296829750741331,2.9963897808763535,1
102874,Others,Unknown Agency,Assam,1256.9,0,0,1,301.1597775667358,11.530620231209845,26.145908907013144,8
102875,Roads & Highways,Unknown Agency,Assam,204.1,0,1,0,23.119619554447183,13.454299367030373,16.23835049928105,19
102876,Others,Unknown Agency,Assam,516.88,1,0,0,8.856530891683045,6.167459747076565,25.37848461483626,27
102877,Roads & Highways,Unknown Agency,Assam,625.64,0,0,0,21.04525204191873,8.227773496233056,-0.07339391922228078,0
103934,Water Resources,Unknown Agency,Maharashtra,1923.81,0,0,0,323.0735030743841,10.75647319903701,-1.860015486468841,-1
102878,Roads & Highways,Unknown Agency,Assam,511.02,1,0,0,52.06930564495627,12.084701253449076,27.614495259558517,25
102879,Others,Unknown Agency,Assam,957.95,0,0,1,124.28229648991226,10.756261240413082,11.973900620962532,18
102880,Roads & Highways,Unknown Agency,Assam,356.65,0,1,0,37.17467652054225,11.292714576663643,18.01061498753519,22
102881,Roads & Highways,Unknown Agency,Assam,458.59,0,1,0,18.190745401130414,13.090345881635756,18.402436761413313,9
102882,Roads & Highways,Unknown Agency,Assam,890.33,0,0,0,176.36328646397192,16.17175240430779,1.5967060463781477,2
102883,Roads & Highways,Unknown Agency,Assam,860.37,0,0,1,96.00884496253536,7.726951263322732,8.468642304356575,13
102884,Roads & Highways,Unknown Agency,Assam,904.04,1,0,0,87.44051247542754,4.921454822408281,21.096337106837957,21
102885,Roads & Highways,Unknown Agency,Assam,846.82,0,0,0,31.96801552706995,9.74699884886823,3.674411679941029,-1
102886,Roads & Highways,Unknown Agency,Assam,613.89,1,0,1,89.30045758641492,5.704560652292928,46.5251111344234,40
102887,Roads & Highways,Unknown Agency,Assam,909.02,1,0,0,97.8318979724369,5.6676453116915795,48.27690340901508,34
102888,Roads & Highways,Unknown Agency,Assam,4997.04,0,0,1,293.06241529601175,9.705826752629605,12.888635746684432,16
102889,Roads & Highways,Unknown Agency,Assam,386.51,0,1,1,85.06618770804045,15.973975584500117,34.47101559778858,31
102890,Roads & Highways,Unknown Agency,Assam,599.0,0,1,0,33.718730145121754,9.865835608550434,16.677619251503543,21
102891,Roads & Highways,Unknown Agency,Assam,274.34,0,0,0,36.246073823092665,5.451260852084856,1.5179876054573311,3
102892,Roads & Highways,Unknown Agency,Assam,385.57,0,0,1,63.71323172112834,7.307463740751922,27.462568778950878,12
102893,Roads & Highways,Unknown Agency,Assam,478.3,0,0,0,55.497450891839435,12.479296219191724,-1.2833691456273548,2
102894,Roads & Highways,Unknown Agency,Assam,187.09,0,0,0,29.39252471700901,10.128835062372595,2.4297284943591553,0
102895,Roads & Highways,Unknown Agency,Assam,467.79,0,0,1,82.78382947943089,10.533537627555873,25.58407830045476,13
102896,Roads & Highways,Unknown Agency,Assam,358.72,0,0,0,17.415774997247922,7.193652940912827,-1.5668075637325,-1
102897,Roads & Highways,Unknown Agency,Assam,438.44,0,1,0,69.83777661931397,9.36648487037009,7.3867123511741415,25
103935,Water Resources,Unknown Agency,Maharashtra,1058.99,0,1,0,181.26932743138934,12.819174122548457,11.174054323847264,9
102898,Roads & Highways,Unknown Agency,Assam,279.01,0,0,0,26.06738596570841,14.468655311353423,2.9473957231667693,-1
102899,Roads & Highways,Unknown Agency,Assam,693.97,1,0,1,39.24092400461381,7.838547018284146,46.82273315923135,45
102900,Roads & Highways,Unknown Agency,Assam,693.97,0,0,0,117.8527130452805,16.34503682090474,0.48736387374742396,2
102901,Roads & Highways,Unknown Agency,Assam,280.75,0,0,0,47.16566739721563,13.872790775473746,0.04833669440775257,-1
102902,Roads & Highways,Unknown Agency,Assam,5729.47,1,0,0,445.10325559929197,7.863398527515113,41.57199296168193,19
102903,Roads & Highways,Unknown Agency,Assam,1200.14,1,0,0,49.19435959334156,5.4521666502108275,45.41874912959525,23
102904,Roads & Highways,Unknown Agency,Assam,508.76,1,0,0,45.656113049413335,3.127581861674587,27.163977851043207,22
102905,Roads & Highways,Unknown Agency,Assam,574.26,0,0,1,87.46250482725225,11.530781334584269,18.68443341049809,20
102906,Roads & Highways,Unknown Agency,Assam,344.71,1,0,0,59.07304059350349,4.690946849562163,33.939351251897776,31
102907,Roads & Highways,Unknown Agency,Assam,1909.98,0,0,0,333.1958376029471,11.283269191386665,1.1269988490805818,0
102908,Roads & Highways,Unknown Agency,Bihar,295.24,1,1,0,69.67464170652687,13.928241311746465,33.41601145416932,47
102909,Roads & Highways,Unknown Agency,Bihar,566.1,0,0,1,18.10846412165256,8.356992629423985,10.27585480073697,15
102910,Roads & Highways,Unknown Agency,Bihar,477.54,0,0,0,97.82280182103895,10.504981852917183,-0.053020633680517903,3
102911,Others,Unknown Agency,Bihar,1408.85,1,0,1,28.136795222963002,0.8839768562736547,67.17507006979883,48
102912,Railways,Unknown Agency,Bihar,780.77,0,0,1,45.698086358509045,4.977489748812459,26.516179039115276,8
102913,Roads & Highways,Unknown Agency,Bihar,201.08,0,0,0,10.048915543150912,8.795537147675233,3.3094668260515654,0
102914,Others,Unknown Agency,Bihar,179.86,1,0,1,53.25290905689059,13.969855255794428,47.18058098180117,38
102915,Others,Unknown Agency,Bihar,178.85,1,1,0,26.88698879463734,10.206196981109631,42.133886861242104,47
102916,Others,Unknown Agency,Bihar,369.77,0,0,1,55.7686678646854,7.1727514977812055,18.127799192514285,13
102917,Others,Unknown Agency,Bihar,553.3,0,0,0,82.485937285799,16.851057108016022,4.723989670496738,1
102918,Others,Unknown Agency,Bihar,226.16,1,0,0,9.530962543318331,2.8870927086649596,35.87064371760672,35
102919,Others,Unknown Agency,Bihar,624.43,1,0,1,52.09717866210203,5.336878059431003,54.39290574075338,46
102920,Roads & Highways,Unknown Agency,Bihar,353.27,0,1,0,34.01903971654576,11.84402643549896,14.861079676848334,11
102921,Roads & Highways,Unknown Agency,Bihar,1060.16,1,0,0,31.093490157082787,3.207189649018953,31.167283186278368,36
102922,Roads & Highways,Unknown Agency,Bihar,427.29,0,0,1,117.55497402488814,14.97955744779582,28.41428345789499,18
102923,Others,Unknown Agency,Bihar,479.37,0,0,0,93.29673803773545,12.017015741344025,3.7255686774726717,3
102924,Roads & Highways,Unknown Agency,Bihar,495.16,0,0,0,94.74759025724799,12.6634881577479,-1.4951452373214797,0
102925,Roads & Highways,Unknown Agency,Bihar,2926.42,0,0,1,689.7558462349691,12.9418435480652,15.719755931925679,16
102926,Roads & Highways,Unknown Agency,Bihar,1478.4,0,0,0,203.9613636545447,12.303316764349297,3.562945799908924,-1
102927,Roads & Highways,Unknown Agency,Bihar,1110.23,0,0,1,162.09485656884476,13.044003924095094,9.497821360467118,9
102928,Others,Unknown Agency,Bihar,3064.45,0,0,0,433.30123232264805,9.914097831193217,4.84322541742493,-1
102929,Roads & Highways,Unknown Agency,Bihar,1661.25,1,0,0,109.02963144796374,6.428927925947596,40.76029365348168,21
102930,Roads & Highways,Unknown Agency,Bihar,210.05,1,0,1,7.6187148718586615,6.183610868252744,37.34388691394021,42
102931,Roads & Highways,Unknown Agency,Bihar,325.57,1,0,0,3.9094748353881608,2.841045267787499,44.00033766745821,28
102932,Roads & Highways,Unknown Agency,Bihar,227.25,0,0,0,21.660273467677,8.726702630309006,-0.4278478282003402,2
102933,Roads & Highways,Unknown Agency,Bihar,1282.97,1,0,1,258.72518944967055,13.698207880833998,48.375939445383224,47
102934,Roads & Highways,Unknown Agency,Bihar,1358.77,1,0,0,282.5880738722001,13.640416832469278,35.88274902894732,32
102935,Roads & Highways,Unknown Agency,Bihar,1915.99,0,0,0,276.5069158688585,12.266936577381614,4.640176501338151,-1
102936,Roads & Highways,Unknown Agency,Bihar,1240.93,1,1,0,76.68738755066266,2.958906962552053,59.983124717938594,52
102937,Roads & Highways,Unknown Agency,Bihar,1576.94,0,0,1,276.85107267826345,15.307483704893109,14.523220755658336,17
102938,Roads & Highways,Unknown Agency,Bihar,6291.69,0,1,0,1135.2690575174217,8.122419867464227,18.21347855378774,22
102939,Roads & Highways,Unknown Agency,Bihar,1390.92,0,0,0,175.5403060447793,10.097579296772977,3.3822314419863693,0
102940,Roads & Highways,Unknown Agency,Bihar,1494.31,0,0,0,187.6031785826816,9.720182106527318,-0.600212557892513,2
102941,Roads & Highways,Unknown Agency,Bihar,1857.58,0,0,0,222.94938535351423,11.191696015431077,-1.3811506721844409,1
102942,Roads & Highways,Unknown Agency,Bihar,1113.46,0,0,0,137.8722846149118,8.238154821902043,0.47727042172255185,3
102943,Roads & Highways,Unknown Agency,Bihar,984.63,0,0,0,159.43492643645286,9.262244083947552,-0.8748914160609544,2
102944,Roads & Highways,Unknown Agency,Bihar,226.32,0,0,0,22.61768431525266,15.285857523550646,-1.5821829495289164,1
103043,Roads & Highways,Unknown Agency,Gujarat,356.6,0,0,0,26.673435836689237,4.870360033106081,4.195696450223259,3
102945,Roads & Highways,Unknown Agency,Bihar,1505.0,1,0,0,389.0910630037206,12.578520624886828,43.1054226205556,23
102946,Roads & Highways,Unknown Agency,Bihar,1422.37,0,0,1,177.41360882127725,9.743647625997038,17.493641890514173,14
102947,Roads & Highways,Unknown Agency,Bihar,1538.76,0,1,1,219.97465544460954,4.319867033689126,39.094228522782274,32
102948,Roads & Highways,Unknown Agency,Bihar,1309.47,0,0,0,231.80101899648173,8.750230094461433,2.7816076565566927,-1
102949,Roads & Highways,Unknown Agency,Bihar,664.02,0,0,0,129.52907441899944,15.090588999536273,3.889608518208174,0
102950,Roads & Highways,Unknown Agency,Bihar,491.04,0,0,0,95.95549682467856,14.795921101465794,1.0708863345075637,1
102951,Roads & Highways,Unknown Agency,Bihar,897.45,0,0,1,104.25297535338352,4.870803712047255,16.65687938052546,13
102952,Roads & Highways,Unknown Agency,Bihar,2156.22,1,0,1,596.0157650811076,4.865318796542511,50.01170329586232,47
102953,Roads & Highways,Unknown Agency,Bihar,662.44,0,0,0,89.24521642909701,10.965929522607922,4.099179652729466,0
102954,Roads & Highways,Unknown Agency,Bihar,1028.28,1,0,0,103.9349707408044,2.6814288504877277,18.26823752293771,23
102955,Roads & Highways,Unknown Agency,Bihar,2127.86,0,0,0,360.6180469766142,9.013767197222318,-0.4396684305375418,2
102956,Roads & Highways,Unknown Agency,Bihar,470.5,0,0,0,16.228702174636226,11.51858964876132,-1.8742276221852538,2
102957,Roads & Highways,Unknown Agency,Bihar,4432.97,0,1,0,1037.6096833290042,17.013140556809063,22.939856022365795,14
102958,Roads & Highways,Unknown Agency,Bihar,1637.29,0,0,0,252.91758593494683,14.926348442607132,-0.8542725289747042,3
102959,Roads & Highways,Unknown Agency,Bihar,1077.46,1,1,0,162.79533014907858,4.675056286103843,47.88199865793476,46
102960,Roads & Highways,Unknown Agency,Bihar,488.24,0,0,0,25.598321695957168,10.419723909860608,0.7867797842193376,1
102961,Roads & Highways,Unknown Agency,Bihar,1431.36,0,0,0,80.95880503583385,7.071226590231575,4.433050178545846,-1
102962,Others,Unknown Agency,Bihar,1199.58,0,0,0,16.948144319290122,4.6993291007226645,4.3782165265429525,0
102963,Roads & Highways,Unknown Agency,Bihar,1473.2,0,0,0,254.63604445638384,10.301778133115072,4.135230478970348,2
102964,Roads & Highways,Unknown Agency,Bihar,638.29,0,0,0,23.896326904291527,6.376956325280446,-0.6495536580050794,-1
102965,Roads & Highways,Unknown Agency,Bihar,498.97,1,0,0,54.03380464438031,7.293024919536004,40.38326367491454,19
102966,Roads & Highways,Unknown Agency,Bihar,2185.75,1,1,0,581.1927666236458,17.156254156889176,56.75678567206912,20
102967,Roads & Highways,Unknown Agency,Bihar,610.78,1,0,0,139.92101213717922,10.601930202081768,36.230822855743874,19
102968,Roads & Highways,Unknown Agency,Bihar,1182.94,0,0,0,133.35000891028687,11.610350359294785,1.914486147707581,1
102969,Others,Unknown Agency,Bihar,768.35,1,1,1,54.70396507689321,2.782646599421485,61.910635188879105,63
102970,Roads & Highways,Unknown Agency,Bihar,1659.81,1,1,1,394.35322625181743,16.084839380170678,89.73796451072721,49
102971,Roads & Highways,Unknown Agency,Bihar,537.88,0,0,0,18.5194703299004,3.557498165184427,0.013498750233681633,2
102972,Roads & Highways,Unknown Agency,Bihar,1769.5,1,0,0,184.83599718121877,11.129438510123855,18.758669592142407,18
102973,Roads & Highways,Unknown Agency,Bihar,1020.84,1,0,0,76.76133119391618,7.955124837132232,16.492895378627974,12
102974,Roads & Highways,Unknown Agency,Bihar,2723.39,0,0,0,584.1972281371649,15.178218566529182,0.2510872392429002,-1
102975,Roads & Highways,Unknown Agency,Bihar,2290.72,0,0,1,233.84075004524198,7.951914126975559,23.045957083821268,17
102976,Roads & Highways,Unknown Agency,Chhattisgarh,161.96,0,0,0,22.511983327033278,10.30694155081174,0.5463606865875361,1
102977,Roads & Highways,Unknown Agency,Chhattisgarh,349.03,0,0,1,41.368131770056735,13.286082151573002,30.813964638949464,22
102978,Roads & Highways,Unknown Agency,Chhattisgarh,322.4,0,0,1,33.674762177752875,5.5397156730294075,25.78737104370514,15
102979,Roads & Highways,Unknown Agency,Chhattisgarh,200.67,0,0,0,25.68884392481361,10.408113174471872,4.4701182044570515,-1
102980,Roads & Highways,Unknown Agency,Chhattisgarh,188.8,0,0,0,27.34723341709973,12.663690378403231,1.3885308343059828,1
102981,Roads & Highways,Unknown Agency,Chhattisgarh,199.05,0,1,0,38.18642686632026,17.78514461202937,19.368972169381863,25
102982,Roads & Highways,Unknown Agency,Chhattisgarh,225.41,0,0,0,26.820087911761362,14.068977798275746,-0.4307087628448807,-1
102983,Roads & Highways,Unknown Agency,Chhattisgarh,397.44,0,0,0,27.622792791929328,11.805109523005072,3.7289155069768816,2
102984,Roads & Highways,Unknown Agency,Chhattisgarh,286.0,0,1,0,43.09371358250869,10.03720802481131,16.36600548151729,8
102985,Roads & Highways,Unknown Agency,Chhattisgarh,351.19,0,0,0,5.889868454359316,5.8674941151796105,-0.6626042157197105,0
102986,Roads & Highways,Unknown Agency,Chhattisgarh,278.97,0,0,0,11.42034091290384,5.454980310588212,-1.6764538404645597,-1
102987,Roads & Highways,Unknown Agency,Chhattisgarh,193.16,0,0,0,11.169377940832788,11.072458541963755,3.7169675658438814,-1
102988,Roads & Highways,Unknown Agency,Chhattisgarh,1828.0,0,0,1,237.27471071676268,14.906345664292857,31.177697506515912,12
102989,Roads & Highways,Unknown Agency,Chhattisgarh,1958.9,0,0,1,87.53086904199479,5.967579367044632,19.598865928928863,20
102990,Roads & Highways,Unknown Agency,Chhattisgarh,1855.59,0,0,0,354.8650209733089,13.95240494593887,-0.5107427634535986,-1
102991,Roads & Highways,Unknown Agency,Chhattisgarh,2261.3,1,0,1,413.9340713351062,10.727017854872173,43.46903551536927,35
102992,Roads & Highways,Unknown Agency,Chhattisgarh,1368.19,0,0,0,228.07668819651826,11.272358554384134,0.002132686645309967,3
102993,Roads & Highways,Unknown Agency,Chhattisgarh,1470.73,1,0,0,179.85152556233191,6.630085181743786,25.30331049578662,16
103936,Water Resources,Unknown Agency,Maharashtra,7196.47,0,1,1,1598.7392957325665,12.141067590012756,40.31984293919062,33
102994,Roads & Highways,Unknown Agency,Chhattisgarh,1307.16,0,0,0,156.24351793000926,12.02037695853928,3.526712418483946,-1
102995,Roads & Highways,Unknown Agency,Chhattisgarh,444.21,0,0,1,24.21698101855597,9.065959512713489,28.410395385467837,17
102996,Roads & Highways,Unknown Agency,Chhattisgarh,1002.33,0,1,0,152.03902304741177,13.062774963799221,21.37608314342078,11
102997,Others,Unknown Agency,Chhattisgarh,1096.52,0,0,0,171.6490876824261,13.43364845425673,4.474177812236957,0
102998,Roads & Highways,Unknown Agency,Chhattisgarh,865.1,0,0,0,99.28147696177234,11.79700376725031,-0.971736277023663,3
102999,Roads & Highways,Unknown Agency,Delhi,198.06,0,0,0,16.927079548413673,11.24110202924706,4.902958519335723,-1
103000,Roads & Highways,Unknown Agency,Delhi,2089.94,1,0,1,405.94839308695225,13.140541137200117,50.64210548192357,48
103001,Roads & Highways,Unknown Agency,Delhi,1467.44,0,1,0,91.13514098244886,4.584676604279265,17.728438617881178,23
103002,Roads & Highways,Unknown Agency,Delhi,2067.67,0,1,0,310.1338522218804,6.4268164762745315,13.523414811379268,14
103003,Roads & Highways,Unknown Agency,Delhi,2144.67,1,1,0,395.779511240645,5.831765011468356,43.556267275947334,52
103004,Roads & Highways,Unknown Agency,Goa,398.25,1,0,0,71.43521424185232,10.850289854051312,32.98873746388579,37
103005,Roads & Highways,Unknown Agency,Goa,641.46,0,0,0,11.177977494563606,7.086290241143558,2.6546527044075017,0
103006,Roads & Highways,Unknown Agency,Goa,463.08,0,0,0,56.776135352490684,9.428555289755206,1.2982672196773284,3
103007,Roads & Highways,Unknown Agency,Gujarat,246.6,0,0,0,8.568359785089427,5.184608362300921,0.566395057838057,-1
103008,Roads & Highways,Unknown Agency,Gujarat,1295.39,0,0,0,183.94198618084124,10.669688622407072,3.3676943784787614,1
103009,Roads & Highways,Unknown Agency,Gujarat,398.4,1,0,0,72.91144495221305,4.102365229111767,40.11661213451414,24
103010,Roads & Highways,Unknown Agency,Gujarat,699.19,0,0,1,172.83155096938964,16.20025940588301,25.88423207252727,17
103011,Roads & Highways,Unknown Agency,Gujarat,151.13,1,0,0,32.07229491567814,12.479799151636207,45.28841189208513,33
103012,Roads & Highways,Unknown Agency,Gujarat,530.2,0,0,1,34.53138076135485,13.32556971474149,29.986033842785957,18
103013,Others,Unknown Agency,Gujarat,211.28,0,0,0,32.91724946094695,15.542059816642691,3.9815985509105314,-1
103014,Others,Unknown Agency,Gujarat,173.06,1,0,0,29.777131682206857,14.278115403652023,34.27932922477829,34
103015,Others,Unknown Agency,Gujarat,1155.21,0,0,1,173.20424326625437,12.393066393804169,32.74971186046555,18
103016,Roads & Highways,Unknown Agency,Gujarat,237.28,0,0,0,19.702296899311563,9.710451682069902,0.7923590526855646,-1
103017,Roads & Highways,Unknown Agency,Gujarat,1555.2,1,0,1,87.82553756288685,3.673533609359743,42.17944997166015,39
103018,Roads & Highways,Unknown Agency,Gujarat,1263.38,0,0,0,85.79478043163749,5.248333936946324,3.9147091648292243,1
103019,Roads & Highways,Unknown Agency,Gujarat,1644.85,0,0,1,280.38833261408297,12.34158066508224,8.58295993249708,21
103020,Roads & Highways,Unknown Agency,Gujarat,1324.84,1,0,0,248.52003859601314,12.117144183169017,42.28299496709229,30
103021,Roads & Highways,Unknown Agency,Gujarat,2271.86,0,1,0,186.02140034492967,9.604110440422085,4.3010119369509034,15
103022,Roads & Highways,Unknown Agency,Gujarat,1710.3,1,0,0,84.14389103504811,10.058047975479763,21.881003712563803,26
103023,Roads & Highways,Unknown Agency,Gujarat,3834.24,0,0,0,570.5726197473576,12.465460113259372,4.124153634238035,3
103024,Roads & Highways,Unknown Agency,Gujarat,2594.17,0,0,0,397.09540635401936,14.35561049904102,1.9679042789545411,2
103025,Roads & Highways,Unknown Agency,Gujarat,1298.0,0,0,1,223.56964090149017,11.77204895063256,25.38744047265082,15
103026,Roads & Highways,Unknown Agency,Gujarat,1415.34,1,1,0,145.71833915853617,5.773888172286393,33.39156540695986,40
103027,Roads & Highways,Unknown Agency,Gujarat,1034.04,0,0,0,72.99696127947186,5.99014774974161,-1.0891121666251458,1
103028,Roads & Highways,Unknown Agency,Gujarat,1181.76,1,0,0,76.96159920819782,3.5653476095472287,46.446722763051255,34
103029,Roads & Highways,Unknown Agency,Gujarat,466.8,0,0,0,23.776590083084955,4.937854960568842,0.20657978093090845,0
103030,Roads & Highways,Unknown Agency,Gujarat,907.39,0,0,0,76.89857123254444,8.099832718609292,-1.612925857835748,0
103031,Roads & Highways,Unknown Agency,Gujarat,1553.76,0,0,0,162.68994262683532,12.334673392232624,3.190903047039927,1
103032,Roads & Highways,Unknown Agency,Gujarat,752.3,0,0,1,126.12467480271215,13.859065624803403,20.437194535081126,22
103033,Roads & Highways,Unknown Agency,Gujarat,778.15,0,0,1,100.57515751959954,10.160698427714308,18.19466664359923,8
103034,Roads & Highways,Unknown Agency,Gujarat,625.58,0,0,0,67.35770715573273,10.986589099049091,-0.8876379933504941,1
103035,Roads & Highways,Unknown Agency,Gujarat,819.14,1,0,0,99.18271624169634,8.41348509418403,44.141467148326186,36
103036,Roads & Highways,Unknown Agency,Gujarat,1373.06,1,1,0,244.04761049669628,15.77045334254776,27.632048012596616,55
103037,Roads & Highways,Unknown Agency,Gujarat,894.01,0,0,0,105.5955890184614,15.809803480431334,-1.5342859612383835,3
103038,Roads & Highways,Unknown Agency,Gujarat,162.73,0,0,0,16.159815797273655,7.601872717269224,2.162089950790854,3
103039,Roads & Highways,Unknown Agency,Gujarat,698.4,0,0,0,101.89635431706978,13.933245140173739,-1.96458602167792,1
103040,Roads & Highways,Unknown Agency,Gujarat,1181.34,0,0,1,235.29642905621893,7.632808003473723,18.820255135610797,10
103041,Roads & Highways,Unknown Agency,Gujarat,1188.46,0,0,0,98.15219052635723,11.849303347978932,-0.9580960557300762,2
103042,Roads & Highways,Unknown Agency,Gujarat,764.02,0,0,0,104.12153715886768,13.059538799256625,1.2261386675030677,-1
103044,Roads & Highways,Unknown Agency,Gujarat,2070.44,1,1,0,269.2336671045278,3.5120864782038277,53.17557834310975,47
103045,Roads & Highways,Unknown Agency,Gujarat,1024.69,0,0,0,189.1925836725354,10.584500269616278,4.3153446785378655,1
103046,Roads & Highways,Unknown Agency,Gujarat,877.71,0,0,0,60.13362377377712,7.254950030423657,3.506956538543542,-1
103047,Roads & Highways,Unknown Agency,Gujarat,750.53,0,1,0,114.97405957480044,12.707314676527492,13.166865135966653,6
103048,Roads & Highways,Unknown Agency,Gujarat,603.08,1,0,1,104.4658260182022,4.977658327237627,48.275085924238525,51
103049,Roads & Highways,Unknown Agency,Gujarat,1185.66,0,1,0,140.28356556710514,6.481153883821486,7.587566934325664,21
103050,Roads & Highways,Unknown Agency,Gujarat,1185.69,0,0,0,237.63512867446292,13.448661217375658,-1.6907669400739702,2
103051,Roads & Highways,Unknown Agency,Haryana,1866.49,0,0,0,344.6364516305092,10.045176254026611,2.783000186402309,1
103052,Roads & Highways,Unknown Agency,Haryana,1533.87,0,0,0,314.0105834245852,13.838242934979014,3.130140405075422,3
103053,Roads & Highways,Unknown Agency,Haryana,1606.27,0,0,0,159.1419372978678,11.720303713876845,1.2611578107038808,2
103054,Roads & Highways,Unknown Agency,Haryana,1306.95,0,0,1,134.98721312972953,8.451705378145206,16.68245793589025,9
103055,Roads & Highways,Unknown Agency,Haryana,401.74,1,0,0,27.498714541241696,3.727993492136749,42.95246755721865,19
103056,Roads & Highways,Unknown Agency,Haryana,1275.31,0,1,1,324.79801241817916,8.971597283984266,36.917707483159106,44
103057,Roads & Highways,Unknown Agency,Haryana,927.22,1,1,0,164.78945038657753,12.515986856199657,55.428350265157874,47
103058,Roads & Highways,Unknown Agency,Haryana,1330.23,0,0,1,114.51112607150426,7.89085972196302,28.587185931693497,11
103059,Roads & Highways,Unknown Agency,Haryana,1269.5,0,0,1,174.53616882674737,15.317811632632598,17.770448098038543,23
103060,Roads & Highways,Unknown Agency,Haryana,1093.35,0,1,0,213.80093629227895,9.613713952059666,20.17351791827806,25
103061,Roads & Highways,Unknown Agency,Haryana,994.22,1,0,1,311.78914978620753,14.749497873562895,64.263890192606,41
103062,Roads & Highways,Unknown Agency,Haryana,1810.04,0,1,0,359.28696023879206,12.994376208540817,14.26908555495459,10
103063,Roads & Highways,Unknown Agency,Haryana,1741.45,0,1,1,195.83484076845758,2.0364232756136964,29.83931975841559,38
103064,Roads & Highways,Unknown Agency,Himachal Pradesh,345.89,0,0,0,20.641673512830437,7.164623123980206,2.7827132907577603,1
103065,Roads & Highways,Unknown Agency,Himachal Pradesh,274.36,1,0,0,44.22559118516021,8.3892019668864,24.392453639188822,33
103066,Roads & Highways,Unknown Agency,Himachal Pradesh,230.55,0,1,1,50.513124356014316,8.826548614367908,37.36786443062094,23
103109,Roads & Highways,Unknown Agency,Delhi,245.3,0,0,1,41.56809146812071,11.23128391691683,16.60149850693337,13
103067,Roads & Highways,Unknown Agency,Himachal Pradesh,314.67,1,0,0,63.037730799048816,10.790357379649711,44.897894817252585,23
103068,Roads & Highways,Unknown Agency,Himachal Pradesh,314.32,1,0,1,63.24682503766246,14.877569156070322,51.10455250623913,43
103069,Roads & Highways,Unknown Agency,Himachal Pradesh,371.93,0,0,0,41.405122450258716,11.301672913062383,-0.6651729776457678,1
103070,Roads & Highways,Unknown Agency,Himachal Pradesh,251.62,1,0,1,53.71235038922762,5.745525738746942,56.35715374175656,42
103071,Roads & Highways,Unknown Agency,Himachal Pradesh,870.95,0,0,0,102.56106872222335,14.474121337530967,2.2101393810821452,0
103072,Roads & Highways,Unknown Agency,Himachal Pradesh,1464.12,0,0,0,197.6378736256982,9.150828066283925,3.8770694475072807,2
103073,Roads & Highways,Unknown Agency,Himachal Pradesh,3419.95,1,0,1,300.77829334152995,3.7599080428965292,46.40622560929695,41
103074,Roads & Highways,Unknown Agency,Himachal Pradesh,191.11,0,0,0,37.100885694947465,16.312513963282782,3.96055699558128,-1
103075,Roads & Highways,Unknown Agency,Himachal Pradesh,696.65,0,0,0,16.91471727615192,5.82812161287157,0.4863948167608796,3
103076,Roads & Highways,Unknown Agency,Himachal Pradesh,930.86,0,0,0,87.90590293591879,8.18065081842359,0.5829563973227496,0
103077,Roads & Highways,Unknown Agency,Himachal Pradesh,815.68,0,0,0,130.67878064569908,14.11204254886647,0.5175875224393209,1
103078,Roads & Highways,Unknown Agency,Himachal Pradesh,1113.02,1,0,1,68.19004857724912,2.0407811362676274,49.96113404839637,42
103079,Roads & Highways,Unknown Agency,Himachal Pradesh,1146.19,1,0,0,82.30568972021852,8.854686258127831,25.271933407197054,12
103080,Roads & Highways,Unknown Agency,Himachal Pradesh,1322.95,0,0,1,198.6407208835842,10.050539912594239,15.729953920098328,12
103081,Others,Unknown Agency,Himachal Pradesh,739.39,1,0,1,212.6221415511904,14.402168581959401,57.108277715898794,32
103082,Roads & Highways,Unknown Agency,Himachal Pradesh,1244.43,0,0,1,143.90295417854935,16.996976125831743,15.16735167568439,18
103083,Roads & Highways,Unknown Agency,Himachal Pradesh,1703.48,1,0,1,72.77289599192537,5.3958323424567,71.33497068955793,40
103084,Roads & Highways,Unknown Agency,Himachal Pradesh,1956.26,0,0,0,195.9130610751572,12.78117241264276,0.4813046849634617,0
103085,Roads & Highways,Unknown Agency,Himachal Pradesh,881.74,0,1,0,81.80913624084327,9.559446708518067,15.197803422578659,20
103086,Roads & Highways,Unknown Agency,Himachal Pradesh,1002.11,1,0,1,203.59593140472077,14.85547851467043,38.99800580721339,43
103087,Roads & Highways,Unknown Agency,Delhi,224.44,0,1,0,19.69382910229864,7.306142657611751,11.26229274007589,17
103088,Roads & Highways,Unknown Agency,Delhi,702.1,1,1,1,28.606992041983048,1.541483590224248,62.65041762917332,44
103089,Roads & Highways,Unknown Agency,Delhi,992.43,0,1,0,126.16129267554186,9.457821150354505,17.08842401546693,25
103090,Roads & Highways,Unknown Agency,Delhi,980.21,0,1,0,164.3465012379781,6.948422108250856,19.645778553828357,22
103091,Others,Unknown Agency,Delhi,426.15,0,0,0,90.9007785972108,15.205190464119099,2.824899971993543,3
103092,Roads & Highways,Unknown Agency,Delhi,823.46,0,0,0,176.2258634617695,17.038960719632747,-1.2349311956558622,1
103093,Others,Unknown Agency,Delhi,1404.94,1,0,0,273.9209351982295,8.246562918212351,38.09056677267867,36
103094,Roads & Highways,Unknown Agency,Delhi,642.24,0,0,0,72.93719191445865,12.348493315887588,0.4194756757050082,0
103095,Roads & Highways,Unknown Agency,Delhi,734.64,1,1,1,73.14907138506464,3.511651015388675,57.255616614752924,67
103096,Roads & Highways,Unknown Agency,Delhi,562.45,1,0,0,51.70428246031271,7.068146298029989,17.171422686553115,20
103097,Roads & Highways,Unknown Agency,Delhi,152.93,1,0,0,36.99618504665148,8.593155453403831,47.78755861564469,15
103098,Roads & Highways,Unknown Agency,Delhi,796.97,0,0,0,91.31200317071904,11.908150820166934,-1.3776688453076789,3
103099,Roads & Highways,Unknown Agency,Delhi,395.25,1,0,0,43.04991292940798,9.676080957358195,28.79703462877904,21
103100,Roads & Highways,Unknown Agency,Delhi,272.49,0,0,0,19.301479535488397,9.131567385155236,0.40411246245883614,2
103101,Others,Unknown Agency,Delhi,228.39,0,0,1,56.60105886265265,10.775538640214897,30.413557978361958,16
103102,Others,Unknown Agency,Delhi,512.43,1,0,1,46.7612557449369,5.079801546875284,31.543698635827873,34
103103,Roads & Highways,Unknown Agency,Delhi,486.45,0,1,0,73.52599314255464,10.250616853270419,12.918614710238577,20
103104,Roads & Highways,Unknown Agency,Delhi,255.9,0,0,1,16.79377691709169,6.877433915667012,23.753278628449216,18
103105,Roads & Highways,Unknown Agency,Delhi,210.79,0,0,0,32.6378644883855,11.694018439674231,-0.4941408271174088,2
103106,Roads & Highways,Unknown Agency,Delhi,859.67,1,0,0,169.57965270891165,7.228186069975118,38.68000224750504,14
103107,Roads & Highways,Unknown Agency,Delhi,398.51,0,0,0,69.92420960317757,14.698785592589537,4.172349693441234,2
103108,Roads & Highways,Unknown Agency,Delhi,322.49,0,0,0,5.824819571829607,3.948232952133779,1.0235181260167288,1
103110,Roads & Highways,Unknown Agency,Delhi,2714.95,0,0,0,188.77723182923864,14.594685282487944,-0.9240849343095592,2
103111,Roads & Highways,Unknown Agency,Delhi,2894.74,0,0,0,338.1406839862566,12.211378051636835,3.3130490581564214,0
103112,Roads & Highways,Unknown Agency,Delhi,1821.72,0,0,1,359.53843722297586,14.258102793064364,16.957970110290493,18
103113,Roads & Highways,Unknown Agency,Delhi,975.38,0,1,0,124.43904229243708,14.372362988482543,11.584320426564647,12
103114,Roads & Highways,Unknown Agency,Delhi,2919.96,0,0,0,487.56709484783596,12.937558268160753,2.4742386407518353,-1
103115,Roads & Highways,Unknown Agency,Delhi,1912.17,0,0,0,257.77646871415163,10.55218816586435,-1.7461585812391651,1
103116,Roads & Highways,Unknown Agency,Delhi,1401.87,1,0,0,309.1468510058023,15.382298673755685,40.586571823072354,28
103117,Roads & Highways,Unknown Agency,Delhi,614.48,0,1,0,41.05767655373177,10.061453621084816,11.539085288890629,14
103118,Roads & Highways,Unknown Agency,Delhi,961.0,1,0,1,15.124219775479634,1.0918019843809026,42.78201188155125,55
103119,Roads & Highways,Unknown Agency,Delhi,242.65,0,0,0,21.66353867855412,10.750218444272875,-1.2026027490128737,3
103120,Roads & Highways,Unknown Agency,Delhi,855.74,0,0,0,35.8799736921319,3.6202912765080413,3.990921659591316,0
103121,Roads & Highways,Unknown Agency,Delhi,295.06,0,0,1,74.76571189139753,15.824144216021772,17.129702392331403,16
103122,Roads & Highways,Unknown Agency,Delhi,497.09,0,0,0,55.60344324445376,8.49378068873039,3.105409420025116,2
103123,Roads & Highways,Unknown Agency,Jharkhand,315.21,0,0,0,58.124935452894334,15.064773169055588,2.9673900046298947,2
103124,Roads & Highways,Unknown Agency,Jharkhand,458.78,1,0,1,83.23016061579864,9.842445597530077,57.49965458904136,38
103125,Roads & Highways,Unknown Agency,Jharkhand,153.01,0,0,0,19.91401881451668,10.141692785929415,1.3321687248515275,2
103126,Roads & Highways,Unknown Agency,Jharkhand,423.18,1,0,0,18.370670148432268,5.63600942773916,33.32144336465002,36
103127,Roads & Highways,Unknown Agency,Jharkhand,255.73,1,0,0,39.64488479355509,17.980469375791188,31.05851683766416,21
103128,Roads & Highways,Unknown Agency,Jharkhand,300.46,0,0,1,69.84668621180676,12.198777340834546,15.478059369953229,18
103129,Roads & Highways,Unknown Agency,Jharkhand,687.77,1,0,0,160.084542786768,12.933297204816412,18.964315151126243,14
103130,Roads & Highways,Unknown Agency,Jharkhand,1325.8,0,0,0,35.654430010835995,10.685900242530323,-0.4493425203506973,2
103937,Water Resources,Unknown Agency,Maharashtra,210.45,0,1,0,35.96076395225184,11.42023341387052,13.567681017713301,12
103131,Roads & Highways,Unknown Agency,Jharkhand,1882.93,0,0,1,172.8245959810509,9.29376363797573,30.64234004043388,11
103132,Roads & Highways,Unknown Agency,Jharkhand,1214.93,0,0,0,102.62015423381115,4.016703923402616,4.469835254952097,2
103133,Roads & Highways,Unknown Agency,Jharkhand,1007.97,0,0,0,105.5744462385884,10.959426104783503,2.074883503291109,2
103134,Roads & Highways,Unknown Agency,Jharkhand,936.26,0,0,1,80.23004368102568,13.208347996379928,11.852692718092657,14
103135,Roads & Highways,Unknown Agency,Jharkhand,303.53,1,0,0,63.45197303054485,8.844258705902504,46.14826854118683,25
103136,Roads & Highways,Unknown Agency,Jharkhand,1129.48,1,0,0,132.40227907541998,10.051156417628164,38.12368506766894,17
103137,Roads & Highways,Unknown Agency,Jharkhand,1517.87,0,0,0,44.74322654490675,3.9732924111283694,4.6077415732478775,2
103138,Roads & Highways,Unknown Agency,Jharkhand,1436.8,0,0,0,233.8546606636462,11.812450032461438,1.47515514104661,-1
103139,Roads & Highways,Unknown Agency,Jharkhand,1274.82,1,0,0,129.03376021381732,6.934021354738283,37.313799610388344,22
103140,Roads & Highways,Unknown Agency,Jharkhand,662.44,1,0,1,152.443771014842,12.90895876596823,52.87728775836135,43
103141,Roads & Highways,Unknown Agency,Jharkhand,1479.72,1,0,0,109.00212761093962,8.266406550011581,30.407600924242786,12
103142,Roads & Highways,Unknown Agency,Jharkhand,1504.8,0,0,1,44.56949726676976,8.598258453146144,16.49459350276811,22
103143,Roads & Highways,Unknown Agency,Jharkhand,1444.94,0,0,0,174.1790617214425,11.114880419742171,-1.1066072985576114,1
103144,Roads & Highways,Unknown Agency,Jharkhand,1565.47,0,0,0,69.9715447093945,9.772934505634261,-1.9992074179849793,0
103145,Roads & Highways,Unknown Agency,Jharkhand,235.42,0,0,0,27.734412541749663,15.908013307361209,-1.9920196256893106,3
103146,Roads & Highways,Unknown Agency,Karnataka,298.0,0,0,0,20.179229979659794,10.347942970927818,0.5262092509493406,0
103147,Roads & Highways,Unknown Agency,Karnataka,204.42,0,0,0,24.482863770851274,12.08935000978419,0.38098074222462586,0
103148,Others,Unknown Agency,Karnataka,314.55,0,0,0,49.91342324142792,12.913166424350504,1.021835804665192,0
103149,Roads & Highways,Unknown Agency,Karnataka,398.48,0,0,0,47.34488314027573,10.967684376157347,3.9563030880760746,0
103150,Roads & Highways,Unknown Agency,Karnataka,718.52,0,0,0,96.87768024557522,10.470797535621365,0.926019469911961,0
103151,Others,Unknown Agency,Karnataka,157.32,0,1,1,29.146367652805125,12.236868482896003,24.23000770595293,35
103152,Roads & Highways,Unknown Agency,Karnataka,177.94,0,0,0,21.928579899050874,11.207014278222424,0.7785206944907292,0
103153,Roads & Highways,Unknown Agency,Karnataka,471.62,0,0,1,33.05540229561734,7.942283118031597,11.145671968463457,9
103175,Roads & Highways,Unknown Agency,Karnataka,1363.9,0,0,1,214.6696721795762,10.547938457463687,10.19183671190135,20
103154,Roads & Highways,Unknown Agency,Karnataka,170.34,0,0,1,34.90425064614851,10.870130868946966,15.601421893511503,14
103155,Roads & Highways,Unknown Agency,Karnataka,445.62,0,0,1,48.32068550684926,8.972205375388754,26.44428340186614,16
103156,Roads & Highways,Unknown Agency,Karnataka,333.96,1,1,0,64.52053442358647,6.500574654326975,39.43593993649449,18
103157,Roads & Highways,Unknown Agency,Karnataka,350.69,0,1,0,45.65503497196431,8.22364414289234,12.62007674931484,21
103158,Roads & Highways,Unknown Agency,Karnataka,264.14,0,0,0,40.94292368734082,17.542324957446283,-0.27633420534890396,1
103159,Others,Unknown Agency,Karnataka,516.96,0,0,0,80.15752566983474,11.444289678328307,2.3715562512712625,1
103160,Roads & Highways,Unknown Agency,Karnataka,617.28,1,0,1,132.31520097543336,9.318884741196413,55.85514681173997,28
103161,Roads & Highways,Unknown Agency,Karnataka,255.88,0,0,0,17.515488382350924,6.512079359968283,2.4033285660153485,3
103162,Roads & Highways,Unknown Agency,Karnataka,196.05,0,0,0,11.096737090667403,16.3705627434628,-1.1563012516763418,3
103163,Roads & Highways,Unknown Agency,Karnataka,355.72,0,1,1,36.65284932350376,3.7731324877876933,26.903084497230516,26
103164,Roads & Highways,Unknown Agency,Karnataka,423.15,0,0,1,25.030675599256256,6.976047389803824,24.032367498807243,20
103165,Roads & Highways,Unknown Agency,Karnataka,166.58,0,1,0,22.430033725704718,16.73608783150125,10.388844041664242,16
103166,Roads & Highways,Unknown Agency,Karnataka,957.09,0,0,0,33.696689428918035,5.5657346356141915,0.32946313435965147,1
103167,Roads & Highways,Unknown Agency,Karnataka,313.56,1,0,0,86.96375588256419,17.44371528667819,39.933751943621154,24
103168,Roads & Highways,Unknown Agency,Karnataka,394.95,0,0,0,58.60355227374916,16.39677732952635,0.09559554052219399,1
103169,Roads & Highways,Unknown Agency,Karnataka,613.65,1,1,0,110.86122894617074,15.342645859919386,42.00866841531508,35
103170,Roads & Highways,Unknown Agency,Karnataka,1135.39,0,1,0,235.50166045034302,11.499702575022788,10.950741284825263,11
103171,Roads & Highways,Unknown Agency,Karnataka,1454.67,0,1,0,173.61384377625518,12.690128874325637,8.527692050635345,16
103172,Roads & Highways,Unknown Agency,Karnataka,1438.74,0,0,1,83.1598385813079,5.100035807663559,23.462641108756067,13
103173,Roads & Highways,Unknown Agency,Karnataka,2355.56,0,0,0,135.16335966752763,11.104534633111356,-0.3702709848948542,0
103174,Roads & Highways,Unknown Agency,Karnataka,1246.15,0,0,1,241.5664287921769,15.460510657725571,19.1023100645901,23
103228,Roads & Highways,Unknown Agency,Kerala,3635.64,0,1,1,976.7040440707362,10.076959166560531,23.73796199896786,36
103176,Roads & Highways,Unknown Agency,Karnataka,1427.88,1,1,1,266.23602828870924,4.219849796869263,71.89088407862471,65
103177,Roads & Highways,Unknown Agency,Karnataka,626.01,0,0,1,83.30426645088676,5.65079706204795,27.018839113047218,18
103178,Roads & Highways,Unknown Agency,Karnataka,1167.52,0,0,0,163.6709750309924,14.442144605052505,-0.9388971020334271,0
103179,Roads & Highways,Unknown Agency,Karnataka,1660.19,0,1,1,392.1493357713062,16.331958720965943,24.716658031904018,44
103180,Roads & Highways,Unknown Agency,Karnataka,3496.01,1,0,1,463.1071810047979,3.0329544661374594,54.752575264818304,31
103181,Roads & Highways,Unknown Agency,Karnataka,738.37,0,0,1,149.8675230019624,11.790995908450576,9.86545297198661,16
103182,Roads & Highways,Unknown Agency,Karnataka,1340.15,0,0,1,283.2234106737849,17.193509122310644,23.61023641319241,9
103183,Roads & Highways,Unknown Agency,Karnataka,456.79,0,1,0,10.055144870005943,5.365001668819799,9.200084618579014,21
103184,Roads & Highways,Unknown Agency,Karnataka,883.62,0,0,0,50.19860407598321,8.10997166437187,4.383875906204883,1
103185,Roads & Highways,Unknown Agency,Karnataka,909.86,0,0,0,41.236080826644184,8.35409026382544,0.2898625975794662,2
103186,Roads & Highways,Unknown Agency,Karnataka,1062.76,0,1,0,129.39391507094547,12.27422053103188,7.464835251570015,23
103187,Roads & Highways,Unknown Agency,Karnataka,1272.71,0,0,0,193.18287191500735,9.31043447526288,4.899679831865442,0
103188,Roads & Highways,Unknown Agency,Karnataka,2082.98,1,0,1,288.6048186067865,5.291380781175036,62.754960431198164,45
103189,Roads & Highways,Unknown Agency,Karnataka,1386.41,1,0,0,278.40987177329794,15.482810480269222,40.35622518432847,25
103190,Roads & Highways,Unknown Agency,Karnataka,839.0,0,0,0,67.33157618935047,6.825857413750072,2.3714031816404875,3
103191,Roads & Highways,Unknown Agency,Karnataka,2032.15,0,0,1,541.5590060679127,10.68291731344123,24.887965384061456,14
103192,Roads & Highways,Unknown Agency,Karnataka,1181.68,0,0,1,131.60963665324675,2.8719658968603343,15.927994762763433,12
103193,Roads & Highways,Unknown Agency,Karnataka,1317.74,0,0,0,136.1994241158909,14.386771729821042,4.054851709271961,2
103194,Others,Unknown Agency,Karnataka,1644.92,0,1,0,124.99229557906601,6.798676342501496,16.789708481444826,15
103195,Roads & Highways,Unknown Agency,Karnataka,1141.88,0,0,0,52.312355685388866,14.050023727456484,2.3975853513599477,3
103196,Roads & Highways,Unknown Agency,Karnataka,1311.41,0,1,0,177.01527700295014,15.80090448840511,8.461028283224962,16
103197,Roads & Highways,Unknown Agency,Karnataka,1452.43,0,0,0,167.5669233670061,11.513884524656298,4.799648963760518,2
103198,Roads & Highways,Unknown Agency,Karnataka,1021.57,0,0,1,205.85202316404764,12.57606958250878,23.882639498699902,10
103199,Roads & Highways,Unknown Agency,Karnataka,2919.8,0,0,0,425.54717415614596,12.739056057009073,1.873729430899676,0
103200,Roads & Highways,Unknown Agency,Karnataka,2531.99,0,0,0,138.85827980363592,3.6543567792025584,4.098430529601837,1
103201,Roads & Highways,Unknown Agency,Karnataka,309.9,1,0,0,56.44580201472584,15.360761054945698,14.373965082568626,26
103202,Roads & Highways,Unknown Agency,Karnataka,1519.72,1,0,1,244.42892200630325,12.724296834849149,55.22646325587834,56
103203,Roads & Highways,Unknown Agency,Karnataka,2082.69,1,0,1,427.2134112623753,8.719166821614753,46.95147355958237,41
103204,Roads & Highways,Unknown Agency,Karnataka,1214.3,1,0,1,166.834884019947,6.657290336665058,56.948513929403035,30
103205,Roads & Highways,Unknown Agency,Karnataka,2104.7,0,0,1,178.6570294327418,5.6238279275836724,30.210523776511963,14
103206,Roads & Highways,Unknown Agency,Karnataka,688.0,0,1,0,50.6081153981389,10.184121138404617,23.47000921516495,14
103207,Roads & Highways,Unknown Agency,Karnataka,1364.14,0,0,1,199.99776107555635,6.5704464478504345,21.41967355564275,18
103208,Roads & Highways,Unknown Agency,Karnataka,1505.85,0,0,1,219.60007309444194,9.879486368876208,19.580007759433443,11
103209,Roads & Highways,Unknown Agency,Karnataka,1444.5,1,0,0,314.5992304469992,14.292897798743518,24.642008153883936,35
103210,Roads & Highways,Unknown Agency,Kerala,294.28,1,0,0,72.85307898355063,14.952848308325805,43.180039067778694,12
103211,Roads & Highways,Unknown Agency,Kerala,1746.45,0,0,0,161.3668681714032,8.008661717245317,2.3836721844597983,-1
103212,Roads & Highways,Unknown Agency,Kerala,2714.6,1,0,0,298.02029989842913,8.448934007133985,29.6825576773917,19
103213,Roads & Highways,Unknown Agency,Kerala,3205.77,1,1,1,35.299304993617696,0.059297731557036784,72.21785289312432,65
103214,Roads & Highways,Unknown Agency,Kerala,210.0,0,0,1,29.4496004168588,16.931861567037927,24.62529092531401,8
103215,Roads & Highways,Unknown Agency,Kerala,4924.11,1,0,0,1345.612563006378,16.7725921768727,41.81798258709267,23
103216,Roads & Highways,Unknown Agency,Kerala,4023.94,1,1,0,760.2020295673265,16.60116938437408,45.867443022211944,38
103217,Roads & Highways,Unknown Agency,Kerala,4225.59,0,0,0,499.79295118818527,12.441301353923741,0.7418191362259328,3
103218,Roads & Highways,Unknown Agency,Kerala,4302.06,0,0,0,656.1725883763631,7.934872450840622,0.9163460990890431,-1
103219,Roads & Highways,Unknown Agency,Kerala,3465.82,1,0,0,475.4301163400181,15.446316130909558,20.69025504125859,13
103220,Roads & Highways,Unknown Agency,Kerala,2429.52,0,0,0,105.77984253958584,8.931206010103637,1.796700396951223,2
103221,Roads & Highways,Unknown Agency,Kerala,2878.97,0,0,0,296.90859664757636,10.721570804533329,2.246729513687203,0
103222,Roads & Highways,Unknown Agency,Kerala,3273.61,0,0,0,347.5131601413136,17.0026667286483,3.036289650452227,-1
103223,Roads & Highways,Unknown Agency,Kerala,2842.14,0,0,1,368.68519348605105,12.20505383878374,21.997377039535444,8
103224,Roads & Highways,Unknown Agency,Kerala,1187.47,0,0,0,175.52252679753718,9.832041818937402,1.295143847846437,0
103225,Roads & Highways,Unknown Agency,Kerala,1424.77,1,0,0,92.995097349866,11.30106447335767,17.194500557195923,17
103226,Roads & Highways,Unknown Agency,Kerala,3041.65,0,0,0,415.23171950260917,9.85709194782752,2.5441809125064943,-1
103227,Roads & Highways,Unknown Agency,Kerala,2641.37,1,0,1,362.3482005720207,4.812996841988802,55.73912893637029,29
103229,Roads & Highways,Unknown Agency,Ladakh,398.37,1,0,1,2.910100775357874,1.555703811815449,43.95190024095397,37
103230,Roads & Highways,Unknown Agency,Ladakh,381.01,0,0,0,60.20724279807578,13.139494293186289,3.891755673548258,2
103231,Roads & Highways,Unknown Agency,Ladakh,404.89,0,0,0,57.994229063978366,8.585420836399777,0.5327992715821948,0
103232,Roads & Highways,Unknown Agency,Madhya Pradesh,648.05,0,0,1,26.858991194925387,5.200080111122829,15.64266380769069,22
103233,Roads & Highways,Unknown Agency,Madhya Pradesh,511.83,1,0,0,120.14275319679228,9.331399106235413,31.506390544350705,20
103234,Others,Unknown Agency,Madhya Pradesh,241.23,0,0,1,20.422094276801428,6.373017844964595,25.583811394486204,8
103235,Roads & Highways,Unknown Agency,Madhya Pradesh,329.14,0,0,1,77.03066394896595,9.770576397450748,13.184103974394898,12
103236,Roads & Highways,Unknown Agency,Madhya Pradesh,365.21,0,0,0,24.534849409673654,8.943877234097982,4.947247526639099,1
103237,Roads & Highways,Unknown Agency,Madhya Pradesh,386.49,0,0,0,57.10541896673428,14.817118518816471,1.789987697586855,-1
103238,Roads & Highways,Unknown Agency,Madhya Pradesh,425.97,0,0,1,43.57561215378115,13.807201673697328,20.461986904202305,17
103239,Others,Unknown Agency,Madhya Pradesh,275.4,0,0,0,49.975230162806824,14.171433663634758,-0.1811217215169747,0
103240,Others,Unknown Agency,Madhya Pradesh,315.55,0,0,1,54.70177731266128,7.921608693687578,18.766994799601626,7
103241,Others,Unknown Agency,Madhya Pradesh,492.12,0,0,0,53.70646968475563,12.61749115350689,0.09391042875585098,1
103242,Roads & Highways,Unknown Agency,Madhya Pradesh,851.4,1,0,0,201.07735907732985,8.854015516596348,28.936784580559454,32
103243,Roads & Highways,Unknown Agency,Madhya Pradesh,179.18,0,0,0,22.65444225101197,15.08341646692299,0.9156531322929329,1
103244,Roads & Highways,Unknown Agency,Madhya Pradesh,158.36,0,0,1,16.738771826355148,5.661021520376428,13.335170693508697,12
103245,Roads & Highways,Unknown Agency,Madhya Pradesh,305.12,1,0,1,4.883266221285185,0.32417112330329717,55.77393377549318,57
103246,Roads & Highways,Unknown Agency,Madhya Pradesh,467.93,0,0,0,37.619572684625666,4.731685645470463,-0.24859765062291728,0
103247,Roads & Highways,Unknown Agency,Madhya Pradesh,492.66,0,1,1,76.88333919368466,14.998005530091952,21.119378857352764,39
103248,Roads & Highways,Unknown Agency,Madhya Pradesh,348.06,0,0,1,32.60239652317025,10.456071297931311,33.35897799248244,13
103249,Roads & Highways,Unknown Agency,Madhya Pradesh,416.96,0,0,0,90.24588966430824,11.431454995317708,1.6002225257624407,1
103250,Roads & Highways,Unknown Agency,Madhya Pradesh,214.07,1,0,0,43.21159034632127,14.853721533586985,15.542888615162546,14
103251,Roads & Highways,Unknown Agency,Madhya Pradesh,352.69,0,0,0,14.52622798871812,8.172616714870003,2.2144225350348723,1
103252,Roads & Highways,Unknown Agency,Madhya Pradesh,998.95,0,0,0,40.00255088954793,3.3985253269500078,4.623514006976048,0
103253,Roads & Highways,Unknown Agency,Madhya Pradesh,207.77,0,0,0,26.9345249486351,13.889930873160864,2.2644172889769543,-1
103254,Others,Unknown Agency,Madhya Pradesh,1162.8,1,1,1,37.321777422066326,1.2277041411207916,70.66550353819177,55
103255,Roads & Highways,Unknown Agency,Madhya Pradesh,1001.69,0,0,0,79.51810158950582,10.33033229643231,2.0627025599482955,1
103256,Roads & Highways,Unknown Agency,Madhya Pradesh,1504.37,0,1,0,202.07910435276483,13.965895911414322,20.129092637500946,22
103257,Roads & Highways,Unknown Agency,Madhya Pradesh,1175.0,0,0,0,50.93330723229974,3.8587128962057164,1.5899582838444957,2
103258,Roads & Highways,Unknown Agency,Madhya Pradesh,521.21,0,0,1,61.18658259010806,15.390629618420078,11.666843026990403,13
103259,Roads & Highways,Unknown Agency,Madhya Pradesh,200.99,0,0,0,6.575358545387417,6.9256413152031655,2.337861244847524,-1
103260,Roads & Highways,Unknown Agency,Madhya Pradesh,1032.3,0,0,0,99.84113416362834,9.882744477589426,1.371190646241331,-1
103261,Roads & Highways,Unknown Agency,Madhya Pradesh,980.2,0,0,1,119.65971895496034,11.708488782547889,22.6307729418088,17
103262,Roads & Highways,Unknown Agency,Madhya Pradesh,1003.87,0,0,0,60.37012534166092,8.41989188891317,1.0728393399542466,0
103263,Roads & Highways,Unknown Agency,Madhya Pradesh,524.84,0,0,1,62.10736814455282,11.963549303167085,22.93419519166278,13
103264,Roads & Highways,Unknown Agency,Madhya Pradesh,790.78,1,0,0,118.2141443119131,4.937492858475082,28.4702555071143,38
103265,Roads & Highways,Unknown Agency,Madhya Pradesh,710.92,0,0,0,67.68220203952546,7.724706979402654,-1.3323880470837028,0
103266,Roads & Highways,Unknown Agency,Madhya Pradesh,1005.59,0,0,0,138.6518221950804,10.905743074036465,-0.9100850021804316,1
103267,Roads & Highways,Unknown Agency,Madhya Pradesh,618.33,0,0,1,117.354382242822,12.219620291357998,13.284964683397536,21
103268,Roads & Highways,Unknown Agency,Madhya Pradesh,903.44,1,0,0,138.6008316857629,4.052549528509974,16.718690439191647,21
103269,Roads & Highways,Unknown Agency,Madhya Pradesh,917.26,0,1,1,162.5892967504496,11.000301896843197,33.14149561608281,39
103270,Roads & Highways,Unknown Agency,Madhya Pradesh,911.24,0,0,1,146.7155729095017,10.579791258746292,27.674315613875322,15
103271,Roads & Highways,Unknown Agency,Madhya Pradesh,612.94,1,0,0,28.795616196652617,8.354949519993319,26.86656323617439,19
103272,Roads & Highways,Unknown Agency,Madhya Pradesh,652.33,0,0,1,81.78451607020111,7.2396691237542825,22.213921502409406,12
103273,Roads & Highways,Unknown Agency,Madhya Pradesh,794.7,0,0,0,81.28877209158566,9.380156037356784,4.329503558035123,0
103274,Roads & Highways,Unknown Agency,Madhya Pradesh,1011.29,0,0,1,180.998529262813,15.806147244707013,24.39560740497056,18
103275,Roads & Highways,Unknown Agency,Madhya Pradesh,1146.22,0,1,0,167.82352266512243,10.182131392559516,7.847068412980491,11
103276,Roads & Highways,Unknown Agency,Madhya Pradesh,178.18,0,0,0,16.230547381504124,7.234992365914394,1.1465112145791894,3
103277,Roads & Highways,Unknown Agency,Madhya Pradesh,909.84,0,0,0,37.24170578246151,6.728335880292178,3.827299789524101,-1
103278,Roads & Highways,Unknown Agency,Madhya Pradesh,581.65,1,1,1,82.46238647889965,4.505249710061252,74.82905902605451,55
103279,Roads & Highways,Unknown Agency,Madhya Pradesh,950.27,1,0,0,60.79163963745738,3.8136927762468886,16.44036507116934,18
103280,Roads & Highways,Unknown Agency,Madhya Pradesh,355.36,0,0,0,26.0573212219399,13.097038137886777,-0.39644303648754287,3
103281,Roads & Highways,Unknown Agency,Madhya Pradesh,1534.7,0,0,0,145.4821251252515,7.529632735992337,4.382088209469143,2
103282,Roads & Highways,Unknown Agency,Madhya Pradesh,1430.56,0,0,1,280.17298392270936,11.665465982337615,29.359134249785335,13
103283,Roads & Highways,Unknown Agency,Madhya Pradesh,1102.97,0,0,0,132.05860586214692,10.432423528856567,0.5827562295551805,0
103284,Roads & Highways,Unknown Agency,Madhya Pradesh,784.14,0,0,1,108.14908669184555,4.392520180805306,24.482105925968646,13
103285,Roads & Highways,Unknown Agency,Madhya Pradesh,1425.98,0,0,0,201.55073723403254,15.919889104427348,2.4439980260094147,-1
103286,Roads & Highways,Unknown Agency,Madhya Pradesh,1123.17,0,0,0,149.10628690466385,7.702070057558931,3.2890403454618067,1
103287,Roads & Highways,Unknown Agency,Madhya Pradesh,461.23,0,0,0,18.66073673910961,7.220819940562706,3.931463096593946,-1
103288,Roads & Highways,Unknown Agency,Madhya Pradesh,866.0,0,0,0,32.12675681796463,7.1664192586178075,2.3808192260860395,1
103289,Roads & Highways,Unknown Agency,Madhya Pradesh,1081.51,0,0,0,172.689861681597,14.342694463298507,3.657053270370831,1
103290,Education,Unknown Agency,Maharashtra,619.55,1,1,0,61.95016154838139,1.561540296465811,34.62520999825641,29
103291,Roads & Highways,Unknown Agency,Maharashtra,478.83,0,0,1,86.42845887276236,7.512140251047255,21.561113572587626,8
103292,Roads & Highways,Unknown Agency,Maharashtra,496.64,0,0,0,21.193080176898718,10.264708271481709,4.671119329022862,1
103293,Roads & Highways,Unknown Agency,Maharashtra,984.07,0,1,0,129.36386912629146,9.386284284906175,9.092477314936792,8
103294,Water Resources,Unknown Agency,Maharashtra,406.54,0,0,0,79.01758085327828,12.90466205772617,0.5071120951428743,3
103295,Roads & Highways,Unknown Agency,Maharashtra,809.77,1,0,0,173.22068870677265,15.701898365774724,23.712499620816686,34
103296,Roads & Highways,Unknown Agency,Maharashtra,574.18,1,0,1,74.55323054213301,14.41007081244377,47.5676757078255,20
103297,Roads & Highways,Unknown Agency,Maharashtra,680.43,0,0,0,27.640962609758844,5.973359122464004,2.8359679432229425,1
103298,Roads & Highways,Unknown Agency,Maharashtra,354.21,0,1,0,6.1014111624592715,8.332341449894372,8.42231927861464,6
103299,Roads & Highways,Unknown Agency,Maharashtra,1142.62,0,0,0,145.38632435577642,9.173244064619496,0.09804530294370739,3
103300,Roads & Highways,Unknown Agency,Maharashtra,1006.99,0,1,0,119.20666019093346,9.861406883490531,16.939192341734643,17
103301,Others,Unknown Agency,Maharashtra,1117.75,0,0,1,152.6172938416072,10.98308878260049,32.01187182977439,16
103302,Roads & Highways,Unknown Agency,Maharashtra,195.38,0,1,0,13.846462955150741,7.286854937479632,11.59930846031801,16
103303,Roads & Highways,Unknown Agency,Maharashtra,631.76,1,0,1,148.26634310708482,11.781367663329249,44.38911491426498,37
103304,Roads & Highways,Unknown Agency,Maharashtra,533.76,0,0,0,67.34865104259897,13.819098485949691,0.8700486009792732,-1
103305,Roads & Highways,Unknown Agency,Maharashtra,163.86,0,0,0,15.02042831743907,8.928741809590633,1.842781730584515,2
103306,Roads & Highways,Unknown Agency,Maharashtra,213.33,0,1,0,18.23354723183914,10.304363837161631,14.029497877038727,16
103307,Roads & Highways,Unknown Agency,Maharashtra,657.16,0,0,0,94.90849060713657,14.196757211924961,-1.7932172436722396,2
103308,Roads & Highways,Unknown Agency,Maharashtra,183.41,0,0,1,16.058892413832524,10.086476364974189,23.961675449463996,14
103309,Roads & Highways,Unknown Agency,Maharashtra,328.11,0,0,1,54.98055132532386,16.959295554395986,14.456787128071491,13
103310,Roads & Highways,Unknown Agency,Maharashtra,386.16,0,0,1,68.91297608739583,13.190239310279622,17.635724676003445,19
103311,Roads & Highways,Unknown Agency,Maharashtra,316.44,0,0,0,38.02784399366749,17.0502770410136,-1.0807163691813968,1
103312,Roads & Highways,Unknown Agency,Maharashtra,325.79,1,1,0,33.67810837123872,4.566376062920863,50.6311687817489,36
103313,Roads & Highways,Unknown Agency,Maharashtra,206.54,0,1,0,40.191081500486206,15.063011514645261,18.321596663134482,25
103314,Others,Unknown Agency,Maharashtra,545.64,0,0,0,29.78200676130433,4.517112361721047,-0.6157589338489711,0
103315,Roads & Highways,Unknown Agency,Maharashtra,369.39,1,0,0,65.32543034188275,11.455660630572993,22.65286233033061,16
103316,Roads & Highways,Unknown Agency,Maharashtra,181.45,0,0,0,15.527373744281988,7.442586598306505,-1.2225990066432189,3
103317,Others,Unknown Agency,Maharashtra,407.2,1,0,0,72.20126646383824,12.6806812377026,44.23795402793366,32
103318,Roads & Highways,Unknown Agency,Maharashtra,167.97,0,0,0,19.405596439989235,11.124905263850419,-0.9943148939528907,1
103449,Roads & Highways,Unknown Agency,"Andhra Pradesh, Tamil Nadu",1338.14,0,0,1,241.78659883138005,14.596494673509277,27.447320428720086,15
103319,Roads & Highways,Unknown Agency,Maharashtra,164.13,1,0,0,47.59887651206485,11.461533369007281,34.986929425140964,18
103320,Roads & Highways,Unknown Agency,Maharashtra,280.57,0,0,1,43.837723955113916,12.912324493851735,17.95889931414183,12
103321,Others,Unknown Agency,Maharashtra,459.39,0,0,0,82.72070510462183,10.95658516071763,-1.6182943057782415,3
103322,Roads & Highways,Unknown Agency,Maharashtra,224.44,1,0,0,39.90026505037562,14.768596990555395,34.96964986338983,24
103323,Roads & Highways,Unknown Agency,Maharashtra,540.35,1,0,1,27.501506061914718,4.912095125437701,66.00244262261916,48
103324,Roads & Highways,Unknown Agency,Maharashtra,349.57,0,0,0,22.07528524517096,10.250517406651156,0.13906420427796595,-1
103325,Others,Unknown Agency,Maharashtra,355.12,0,0,0,65.18139432876382,10.583392528750018,4.490193067030562,3
103326,Roads & Highways,Unknown Agency,Maharashtra,761.83,0,0,0,115.46651048650753,17.131751458130694,1.127190602816313,3
103327,Others,Unknown Agency,Maharashtra,488.6,0,0,0,6.908462657036409,2.7771151317743232,1.594012013906637,1
103328,Others,Unknown Agency,Maharashtra,653.46,1,0,1,108.3462873391409,8.442542924800774,45.51502726052345,36
103329,Roads & Highways,Unknown Agency,Maharashtra,157.62,0,0,0,18.431743167866614,8.963595377081653,2.189477419989614,3
103330,Others,Unknown Agency,Maharashtra,396.17,0,1,0,39.10960777300849,4.166746732248598,10.44209170732303,14
103331,Others,Unknown Agency,Maharashtra,341.8,0,0,0,67.28514095928313,14.250953216814302,0.5831933769026669,1
103332,Roads & Highways,Unknown Agency,Maharashtra,381.77,0,0,1,38.66699387374467,7.823212433187662,22.0525291360836,17
103333,Others,Unknown Agency,Maharashtra,226.58,0,0,0,35.504711569759515,12.74190222265166,-1.842949436079635,1
103334,Roads & Highways,Unknown Agency,Maharashtra,428.8,0,0,1,51.86206468540911,10.532816406971357,20.12816878757253,10
103335,Others,Unknown Agency,Maharashtra,349.08,0,0,0,43.65211816663094,11.311027571870294,0.9729336522065641,3
103336,Roads & Highways,Unknown Agency,Maharashtra,227.19,0,0,0,30.747139180014784,12.554729249904895,1.5223253148074525,3
103337,Roads & Highways,Unknown Agency,Maharashtra,162.67,0,1,0,33.30195489513795,9.848923614179004,16.910864231410468,12
103338,Roads & Highways,Unknown Agency,Maharashtra,181.58,1,1,1,0.9041920278088852,0.8784615285651616,53.813131508349755,63
103339,Roads & Highways,Unknown Agency,Maharashtra,223.46,0,0,1,33.462808070193404,11.017408738311303,20.423092791755774,13
103340,Roads & Highways,Unknown Agency,Maharashtra,153.79,0,1,0,18.380983881633284,4.952968060500898,19.84677336364527,17
103341,Roads & Highways,Unknown Agency,Maharashtra,253.78,0,0,0,50.44962281883409,13.331806860399176,4.812612457169094,2
103342,Roads & Highways,Unknown Agency,Maharashtra,388.93,0,0,0,66.19054166150713,16.38030977602032,-0.1469329177781571,-1
103343,Roads & Highways,Unknown Agency,Maharashtra,723.13,0,0,0,23.621561226340418,9.936870739437012,-1.5994822647847617,2
103344,Roads & Highways,Unknown Agency,Maharashtra,1524.71,0,0,0,187.80180454490176,14.906512515572025,-0.13353932072265273,2
103345,Roads & Highways,Unknown Agency,Maharashtra,3536.9,1,0,0,472.0337432812439,12.482328454962982,34.574793125135244,30
103346,Roads & Highways,Unknown Agency,Maharashtra,2058.79,0,0,0,257.9579767801288,13.409706752805903,3.037148968434275,3
103347,Roads & Highways,Unknown Agency,Maharashtra,2610.88,0,0,0,204.88537071678957,10.786035274721243,0.3874025430367811,0
103348,Roads & Highways,Unknown Agency,Maharashtra,4051.8,0,0,0,568.7941186865519,15.668109312705276,1.0483395747711612,1
103349,Roads & Highways,Unknown Agency,Maharashtra,2208.68,0,0,1,476.9544451715278,10.83979479387172,24.509874865090758,18
103350,Roads & Highways,Unknown Agency,Maharashtra,604.59,0,0,0,31.74780064843094,7.850827945017244,4.164146557232224,3
103351,Roads & Highways,Unknown Agency,Maharashtra,907.03,1,0,0,85.75080556044358,11.468380891042479,21.059067722754506,35
103352,Roads & Highways,Unknown Agency,Maharashtra,2111.95,0,0,1,534.9433642692861,13.285623971154255,30.1285427253125,11
103353,Roads & Highways,Unknown Agency,Maharashtra,2330.71,0,0,0,343.6553636024239,12.70643914815031,0.5920113726496177,-1
103354,Roads & Highways,Unknown Agency,Maharashtra,1038.84,0,0,1,78.87074388537746,11.531438517877262,18.20415396459684,21
103355,Roads & Highways,Unknown Agency,Maharashtra,856.93,0,0,0,100.86458439488838,12.121723211256157,4.342553120126198,0
103356,Roads & Highways,Unknown Agency,Maharashtra,254.78,0,0,0,32.445147936076154,13.724134346921591,4.409679532525443,2
103357,Roads & Highways,Unknown Agency,Maharashtra,540.24,0,0,0,72.8536275965657,12.375920966960756,3.531971209581089,3
103358,Roads & Highways,Unknown Agency,Maharashtra,329.82,1,0,1,69.45130683783634,12.30123525154763,54.48766612752543,45
103359,Roads & Highways,Unknown Agency,Maharashtra,819.52,0,0,1,54.56567491878002,7.432535089720858,15.03876139154181,10
103360,Roads & Highways,Unknown Agency,Maharashtra,168.52,0,0,1,13.862718223431722,9.203181570144345,13.2963798901627,7
103361,Roads & Highways,Unknown Agency,Maharashtra,150.21,0,0,0,9.140257070429158,5.032611717330923,3.7017998095405353,3
103362,Roads & Highways,Unknown Agency,Maharashtra,2267.99,1,1,1,60.45995582623476,2.6043611766396495,75.06879890553571,64
103363,Roads & Highways,Unknown Agency,Maharashtra,1241.38,0,0,0,119.14861725825473,10.085171781117044,1.2785212571565903,-1
103364,Roads & Highways,Unknown Agency,Maharashtra,1236.08,0,0,0,55.88075636134363,6.273521927368762,0.8765346650797738,-1
103450,Roads & Highways,Unknown Agency,"Andhra Pradesh, Tamil Nadu",1924.75,0,0,1,171.1020736185422,6.931621083827977,29.015857613323952,11
103365,Roads & Highways,Unknown Agency,Maharashtra,1344.78,0,0,0,123.27931333816196,11.628782953788814,1.7712619707546216,2
103366,Roads & Highways,Unknown Agency,Maharashtra,538.11,1,0,0,29.569496568020064,2.252277618595143,46.41986999917796,31
103367,Roads & Highways,Unknown Agency,Maharashtra,862.0,1,0,1,81.20028032290084,2.3986145773073906,55.100583218223974,39
103368,Roads & Highways,Unknown Agency,Maharashtra,1985.38,0,1,0,198.47862196395113,9.625664222485895,17.03661765651076,24
103369,Roads & Highways,Unknown Agency,Maharashtra,1939.23,0,1,0,223.92495151714593,10.282316865220196,8.456758238451496,10
103370,Roads & Highways,Unknown Agency,Maharashtra,1166.96,0,0,1,203.70380248999805,10.706116832970077,17.517196661415124,12
103371,Roads & Highways,Unknown Agency,Maharashtra,191.31,0,0,0,25.759877927057943,11.644588095461664,0.05702360561426634,1
103372,Roads & Highways,Unknown Agency,Maharashtra,157.69,0,0,0,8.26595027130736,6.543552167070018,0.24603974961803132,1
103373,Roads & Highways,Unknown Agency,Maharashtra,163.51,0,1,1,29.825232546097595,10.877844861732854,40.20175844190207,25
103374,Others,Unknown Agency,Maharashtra,361.72,0,0,0,33.72885396537447,11.663110150357795,1.5899622402812015,-1
103375,Roads & Highways,Unknown Agency,Maharashtra,546.44,1,0,0,89.95809931740081,11.656235781785561,21.219666402115216,27
103376,Roads & Highways,Unknown Agency,Maharashtra,1774.03,0,0,0,324.04222208517376,10.777734603883403,3.2200745222212728,3
103377,Roads & Highways,Unknown Agency,Maharashtra,1471.32,0,0,0,169.79573787867915,12.168615192945154,2.962522501849061,3
103378,Roads & Highways,Unknown Agency,Maharashtra,1711.38,1,0,1,331.95021451931484,9.878455343467328,62.03803429800513,34
103379,Roads & Highways,Unknown Agency,Maharashtra,1252.92,0,0,0,120.45628916669662,10.559805349318502,0.7850807096367536,1
103380,Roads & Highways,Unknown Agency,Maharashtra,1709.56,0,1,0,298.97179048051134,12.255539970632029,11.66547040369803,7
103381,Roads & Highways,Unknown Agency,Maharashtra,1411.71,1,0,0,161.68441421358875,11.553196312155094,37.157791928478105,14
103382,Roads & Highways,Unknown Agency,Manipur,211.7,0,0,1,25.091213271730652,12.648580558367236,12.16583472654311,18
103383,Roads & Highways,Unknown Agency,Manipur,268.98,0,0,0,35.44529586491578,11.994104093820582,2.089701336655949,2
103384,Roads & Highways,Unknown Agency,Manipur,379.39,0,0,0,58.93802285089515,13.513097404963176,-0.050413293355218824,2
103385,Roads & Highways,Unknown Agency,Manipur,228.97,0,0,0,46.82092622163081,12.112818472531146,2.9746296327183632,3
103386,Roads & Highways,Unknown Agency,Manipur,256.04,0,0,1,30.920192788232356,14.558227124578828,12.887353866856774,20
103938,Water Resources,Unknown Agency,Maharashtra,255.97,0,0,0,38.21915981919028,15.486603876522732,4.151654974436156,3
103387,Roads & Highways,Unknown Agency,Manipur,222.77,0,0,0,29.253650028670563,16.29704463614383,4.313287374766146,3
103388,Roads & Highways,Unknown Agency,Manipur,164.89,0,0,0,33.44438889587951,10.546857138940965,4.567345277650121,3
103389,Roads & Highways,Unknown Agency,Manipur,554.66,1,0,1,94.64276670110405,7.558829013577105,43.22756008716931,29
103390,Roads & Highways,Unknown Agency,Manipur,564.05,1,0,0,63.77801843887653,12.588211510189542,18.705202141015754,29
103391,Roads & Highways,Unknown Agency,Manipur,760.16,0,0,0,85.42259664820835,12.287896087804228,1.109897731265753,2
103392,Roads & Highways,Unknown Agency,Manipur,504.76,0,0,0,104.45269433451057,12.445159359152001,-1.6197869871244097,0
103393,Roads & Highways,Unknown Agency,Manipur,410.68,0,0,0,84.4739683580874,10.09627543752709,-0.5839493417737542,3
103394,Roads & Highways,Unknown Agency,Manipur,579.63,0,0,0,62.037485916822845,10.720211689670919,-1.2392439532142951,3
103395,Roads & Highways,Unknown Agency,Manipur,467.0,0,0,0,15.740166500920793,4.150745857624273,-1.5266142797599396,1
103396,Roads & Highways,Unknown Agency,Manipur,195.14,0,0,0,30.62817680066331,12.2869423746803,1.0879499881824755,0
103397,Others,Unknown Agency,Manipur,673.27,0,0,0,96.39159740129196,11.80268827642044,2.981549753040044,0
103398,Roads & Highways,Unknown Agency,Manipur,365.53,0,0,0,19.10748369177253,5.475253495560082,-0.13477904895971493,1
103399,Roads & Highways,Unknown Agency,Manipur,232.99,0,0,1,39.33891866656285,8.378820115101433,18.98307685091077,21
103400,Roads & Highways,Unknown Agency,Manipur,241.52,0,0,0,8.642174343141534,5.790176738214427,-0.3212572819732107,1
103401,Roads & Highways,Unknown Agency,Manipur,177.76,0,0,0,31.401450951390643,9.784797726632483,4.064571129084134,-1
103402,Roads & Highways,Unknown Agency,Manipur,204.12,1,1,0,37.87308869317711,6.359563212335983,37.23212510521681,37
103403,Roads & Highways,Unknown Agency,Manipur,483.87,1,0,1,94.0779322307148,10.565008401387324,43.45225868262975,31
103404,Roads & Highways,Unknown Agency,Manipur,234.08,0,0,1,36.23500299023286,13.090563094137757,26.683968666144843,7
103405,Roads & Highways,Unknown Agency,Manipur,477.86,0,0,0,13.251519494835065,7.331368298155752,-0.8888870879811117,0
103406,Roads & Highways,Unknown Agency,Manipur,311.18,0,0,0,12.459658101042862,4.717444623405257,2.251449677279135,-1
103407,Roads & Highways,Unknown Agency,Manipur,578.98,0,0,1,63.79123611722805,9.624953802633524,29.265446902075087,18
103408,Roads & Highways,Unknown Agency,Manipur,315.56,0,0,0,25.78773466873327,7.005435336081156,-1.960751206484204,3
103409,Roads & Highways,Unknown Agency,Manipur,310.76,0,0,0,58.96845545437043,9.815472694603766,2.759442186140558,1
103410,Roads & Highways,Unknown Agency,Manipur,188.36,0,1,0,37.81241919537644,10.445463702700815,7.828777907921226,25
103411,Roads & Highways,Unknown Agency,Manipur,226.32,0,0,0,14.64159199133536,9.536866753159998,-1.1422737854952638,2
103412,Others,Unknown Agency,Meghalaya,302.88,1,0,0,51.69891855976685,14.917573997358083,40.995627447481866,15
103413,Roads & Highways,Unknown Agency,Meghalaya,504.0,0,0,0,44.349298151808455,8.133018025746551,2.8081170300559464,0
103414,Roads & Highways,Unknown Agency,Meghalaya,801.07,1,1,0,140.73369336810237,4.972764083002689,30.902228920498004,49
103415,Roads & Highways,Unknown Agency,Meghalaya,705.83,0,0,0,79.0364922540532,8.117001984004599,-1.1264158260418085,2
103416,Others,Unknown Agency,Meghalaya,284.21,0,0,1,58.54902149593738,13.87282440966883,14.660641956749622,10
103417,Roads & Highways,Unknown Agency,Meghalaya,445.51,0,0,0,21.4033431791903,4.083456176358197,1.4277261051717485,1
103418,Roads & Highways,Unknown Agency,Meghalaya,525.67,0,0,0,13.89941212113149,5.869873312996248,1.4945804140884764,0
103419,Roads & Highways,Unknown Agency,Meghalaya,351.12,0,0,0,9.418505746316953,7.549916039314752,-0.7493480329342452,3
103420,Roads & Highways,Unknown Agency,Meghalaya,359.86,0,0,1,53.11915299751672,7.774377265860043,13.42106692678884,15
103421,Roads & Highways,Unknown Agency,Meghalaya,562.48,0,1,0,43.00272431195833,8.206013209379392,9.696524380156596,20
103422,Roads & Highways,Unknown Agency,Meghalaya,686.03,0,0,1,162.20542055765594,10.431915675015745,21.285721129500317,14
103423,Roads & Highways,Unknown Agency,Meghalaya,620.3,0,0,0,37.91452840720285,6.175094620655599,-0.5867974619928975,0
103424,Roads & Highways,Unknown Agency,Mizoram,491.39,0,0,1,104.20134104317506,14.374185877741354,15.033910788911216,14
103425,Roads & Highways,Unknown Agency,Mizoram,561.91,0,0,0,77.97677664182481,14.359751259899106,-1.7361656155386327,-1
103426,Roads & Highways,Unknown Agency,Mizoram,720.4,0,0,1,129.34897468944496,12.772379794353206,18.257163516268662,14
103427,Roads & Highways,Unknown Agency,Mizoram,595.65,0,0,0,64.29558176400215,11.057568496068246,-0.22963914015818876,0
103428,Roads & Highways,Unknown Agency,Mizoram,866.32,0,0,0,126.72471358319171,12.383401703241745,-0.29812686271855604,1
103429,Roads & Highways,Unknown Agency,Mizoram,875.79,1,0,0,154.52748216961288,15.113456580259516,25.972586379300424,22
103430,Roads & Highways,Unknown Agency,Mizoram,1313.28,0,0,1,232.44883425558044,10.996227925630542,17.660769353724415,11
103431,Others,Unknown Agency,Mizoram,720.72,0,0,0,100.85874171621722,9.54282466435587,-0.2686826284404529,2
103432,Roads & Highways,Unknown Agency,Mizoram,523.78,0,0,0,87.83285986121948,15.132228494115243,3.1821791023143904,3
103433,Roads & Highways,Unknown Agency,Mizoram,206.9,0,0,0,9.874227469692215,5.665188862740791,2.764036248087403,1
103434,Roads & Highways,Unknown Agency,Mizoram,292.23,0,0,0,15.54190762974639,11.7009553172565,2.617292293346,0
103435,Roads & Highways,Unknown Agency,Mizoram,698.45,0,1,0,92.8317584461916,12.090987294935744,9.481907432570694,24
103436,Roads & Highways,Unknown Agency,Mizoram,740.58,0,0,0,75.98053991035943,10.65522110273163,0.9640131659751212,1
103437,Roads & Highways,Unknown Agency,Mizoram,752.89,0,0,0,78.61036152481086,8.403119364836485,2.2921026241835234,-1
103438,Others,Unknown Agency,Mizoram,867.09,0,0,0,42.04585840073207,6.133688259902385,3.0442929367459817,-1
103439,Others,Unknown Agency,Mizoram,768.76,0,0,0,132.15313895915622,13.839052412229051,3.4065752098438944,1
103440,Others,Unknown Agency,Mizoram,605.76,1,0,1,129.7474242888296,2.934289494134569,38.06182300565704,48
103441,Roads & Highways,Unknown Agency,Mizoram,637.06,0,0,0,43.27915377313195,5.105386847521544,3.4231885003987976,-1
103442,Roads & Highways,Unknown Agency,Mizoram,899.45,0,0,1,115.7979098778697,8.47690957474505,31.00369819571893,13
103443,Roads & Highways,Unknown Agency,Mizoram,781.85,0,0,1,197.57880361354853,12.32392795286271,27.78511707394591,16
103444,Roads & Highways,Unknown Agency,Mizoram,500.88,1,0,1,46.6611317204457,1.525214987405159,44.89403236149256,44
103445,Roads & Highways,Unknown Agency,"Andhra Pradesh, Karnataka",1410.01,0,0,0,118.24464167031601,7.424117272412914,2.4403673172097555,2
103446,Roads & Highways,Unknown Agency,"Andhra Pradesh, Odisha",1216.12,0,0,0,84.09069006894106,9.528508488578083,2.510408295382266,3
103447,Roads & Highways,Unknown Agency,"Andhra Pradesh, Tamil Nadu",1481.87,1,0,0,151.156874527739,3.4137212843920324,33.83607482622324,24
103448,Roads & Highways,Unknown Agency,"Andhra Pradesh, Tamil Nadu",1439.77,0,0,0,178.96958253375942,11.097332056163019,4.208469673678501,1
103451,Roads & Highways,Unknown Agency,"Andhra Pradesh, Tamil Nadu",702.52,0,0,1,65.4543144196888,2.1704360420028115,24.16919833175282,20
103452,Others,Unknown Agency,"Andhra Pradesh, Tamil Nadu",464.62,0,0,0,49.431737821596926,13.318809067831623,3.614547339378648,0
103453,Roads & Highways,Unknown Agency,"Andhra Pradesh, Telangana",829.5,0,1,0,72.08853472684063,8.679469444249335,17.891362949201593,10
103454,Roads & Highways,Unknown Agency,"Andhra Pradesh, Telangana",1183.23,1,0,0,57.015657986957834,5.535077071575142,37.71183927297457,23
103455,Roads & Highways,Unknown Agency,"Andhra Pradesh, Telangana",826.01,1,0,1,13.235452006442856,4.152355925622861,68.80939221402903,47
103456,Roads & Highways,Unknown Agency,"Andhra Pradesh, Telangana",1227.57,0,0,0,184.77796648947572,15.029373561656712,-0.2648753458755584,2
103457,Roads & Highways,Unknown Agency,"Arunachal Pradesh, Assam",665.47,0,0,0,7.813256636199412,6.473887504540755,-1.2943544360081547,1
103458,Roads & Highways,Unknown Agency,"Bihar, Jharkhand",1054.46,0,0,0,200.727452799282,13.486833867527434,2.031713553635842,3
103459,Roads & Highways,Unknown Agency,"Bihar, Jharkhand",1822.46,0,0,1,166.34829115063562,4.732686669966265,19.802569152420737,14
103460,Roads & Highways,Unknown Agency,"Bihar, Jharkhand",1719.2,0,1,1,308.0924798964726,8.363886592955115,33.9188699124657,30
103461,Roads & Highways,Unknown Agency,"Bihar, Jharkhand",1125.78,0,0,1,34.69195948714105,7.99898030731174,12.108815359120177,12
103462,Roads & Highways,Unknown Agency,"Bihar, Jharkhand",1954.77,0,1,0,350.8293287779167,12.568037316661862,18.203667348045236,10
103463,Roads & Highways,Unknown Agency,"Bihar, Jharkhand",1772.7,0,0,0,373.091272644068,11.026735080280368,2.3658377367188352,2
103464,Roads & Highways,Unknown Agency,"Bihar, Jharkhand",1376.56,0,1,0,203.08000631779407,13.141062326753953,14.106849084771213,16
103465,Roads & Highways,Unknown Agency,"Bihar, Uttar Pradesh",3241.56,0,0,0,443.26988029851793,10.484879124187035,-1.85728001877614,2
103466,Roads & Highways,Unknown Agency,"Bihar, Uttar Pradesh",1433.39,0,0,0,180.89890992038966,14.936585036081134,3.10016684868942,0
103467,Roads & Highways,Unknown Agency,"Bihar, Uttar Pradesh",531.61,0,0,0,87.10616469390379,12.489908527057835,3.311920301072525,1
103468,Roads & Highways,Unknown Agency,"Bihar, Uttar Pradesh",1493.5,0,0,0,31.606967437953244,5.465235106778607,-0.4346034588561629,-1
103469,Roads & Highways,Unknown Agency,"Bihar, West Bengal",962.84,1,0,1,228.30615018628907,7.041185190737135,58.76014351201478,29
103470,Roads & Highways,Unknown Agency,"Chhattisgarh, Odisha",477.76,1,0,0,88.28433105800855,14.802156703855207,36.6730924182404,33
103471,Roads & Highways,Unknown Agency,"Gujarat, Maharashtra, Delhi",1909.74,0,0,1,305.28038076783145,13.420862293819855,26.95041945684324,15
103472,Roads & Highways,Unknown Agency,"Haryana, Delhi",2228.26,0,0,1,272.7191841026711,11.293408208768966,20.705078962787262,19
103473,Roads & Highways,Unknown Agency,"Goa, Uttar Pradesh",1479.22,1,0,0,296.37446944163446,16.73345461901247,28.936128628738803,32
103474,Roads & Highways,Unknown Agency,Karnataka,226.76,1,0,1,37.42938872309636,9.814416442775816,45.33989469131727,38
103475,Roads & Highways,Unknown Agency,"Gujarat, Maharashtra",1654.07,0,0,1,422.0932881743007,12.570268474226271,25.594321327139873,21
103476,Roads & Highways,Unknown Agency,"Haryana, Punjab",1741.86,0,0,1,202.0198237561549,14.977419584439808,27.043856068884487,18
103477,Roads & Highways,Unknown Agency,"Haryana, Punjab",646.42,0,0,0,68.08567654367172,12.055316695543894,-0.37014433967750193,1
103478,Roads & Highways,Unknown Agency,"Haryana, Punjab",1183.7,0,0,0,158.48689836978394,14.563553274332406,1.4502226554878654,-1
103479,Roads & Highways,Unknown Agency,"Haryana, Punjab",609.32,0,0,0,33.57885975247427,5.615883885315071,-0.8233177926202417,-1
103480,Roads & Highways,Unknown Agency,"Haryana, Punjab",1641.66,0,0,1,256.3720710638959,9.66123270192439,30.170074056667367,18
103481,Roads & Highways,Unknown Agency,"Haryana, Punjab",1491.72,0,1,0,254.05106690737,13.393767988751929,12.89744423847112,24
103482,Roads & Highways,Unknown Agency,"Haryana, Rajasthan",409.64,1,0,0,77.26489749219695,9.197872597789367,17.515437238047,17
103483,Roads & Highways,Unknown Agency,"Haryana, Uttar Pradesh",939.17,0,0,1,115.35515143217282,3.0909194373289397,22.583796145887987,15
103484,Roads & Highways,Unknown Agency,"Haryana, Uttar Pradesh",1554.21,0,0,1,236.2380941280171,14.74414503057136,15.33125481707733,19
103485,Roads & Highways,Unknown Agency,"Haryana, Uttar Pradesh",2920.69,0,0,0,552.9660961593665,10.911566787073312,-0.8838372043993687,3
103486,Roads & Highways,Unknown Agency,"Himachal Pradesh, Punjab",571.34,1,0,0,174.1436100109726,15.194343280842276,42.519206004492986,17
103487,Roads & Highways,Unknown Agency,Uttarakhand,524.54,0,1,1,34.37411576506668,0.9754868443575028,42.26458619704641,43
103488,Roads & Highways,Unknown Agency,"Punjab, Jammu and Kashmir",3044.02,0,0,0,479.72671180200007,12.751225177801711,1.1647597928559064,3
103489,Roads & Highways,Unknown Agency,"Jharkhand, Uttar Pradesh",1436.49,0,1,0,317.35850199305116,16.97580059905242,13.955967130303463,7
103490,Roads & Highways,Unknown Agency,"Jharkhand, West Bengal",1560.39,0,0,0,52.15568184800259,11.53710622266339,1.6191891705198285,3
103491,Roads & Highways,Unknown Agency,"Jharkhand, West Bengal",1154.49,0,0,1,174.51839103462567,14.886346161321107,14.07370930782218,17
103492,Roads & Highways,Unknown Agency,"Jharkhand, West Bengal",1652.4,0,0,0,51.05593262558659,6.795222645426293,-0.4091008249517727,3
103493,Roads & Highways,Unknown Agency,"Jharkhand, West Bengal",782.18,0,1,0,148.01080551952316,11.28607601669438,11.899145350585759,20
103494,Roads & Highways,Unknown Agency,"Jharkhand, West Bengal",1139.65,0,0,0,173.1684508458959,15.679346249471898,2.565698781575497,-1
103495,Roads & Highways,Unknown Agency,"Karnataka, Kerala",1981.07,1,1,0,435.90501183163906,11.171534847150973,32.11645589925256,32
103520,Roads & Highways,Unknown Agency,Uttarakhand,1659.12,0,0,0,272.7409518995414,11.151021679564757,4.371979233224257,-1
103496,Roads & Highways,Unknown Agency,"Karnataka, Maharashtra",1479.3,0,0,0,46.67018453362334,7.4661815817092645,2.514907217969446,2
103497,Roads & Highways,Unknown Agency,"Karnataka, Maharashtra",1388.7,0,0,0,214.52893819185203,10.500404800191937,0.48280255034397923,2
103498,Roads & Highways,Unknown Agency,"Karnataka, Maharashtra",1370.75,0,0,0,238.10451290760125,9.013517257463775,3.7290301104868258,-1
103499,Roads & Highways,Unknown Agency,"Karnataka, Tamil Nadu",1260.74,0,0,0,95.60871278403124,9.549184424054687,2.80706879614461,2
103500,Roads & Highways,Unknown Agency,"Karnataka, Tamil Nadu",1757.27,1,0,1,518.612623823499,11.135366490263689,50.36916589138764,22
103501,Roads & Highways,Unknown Agency,"Karnataka, Telangana",1499.73,1,0,0,321.7243746496539,11.326115264520567,28.151559727533733,25
103502,Roads & Highways,Unknown Agency,"Karnataka, Telangana",972.06,0,0,0,139.35856671447743,9.969162832235032,3.1804628051012145,2
103503,Others,Unknown Agency,"Kerala, Puducherry",1181.12,1,0,0,107.94429481806799,6.660260955695204,28.442283770079662,19
103504,Roads & Highways,Unknown Agency,"Madhya Pradesh, Maharashtra",784.35,1,0,1,21.159995742424407,7.4789985984950675,41.69468228092483,51
103505,Roads & Highways,Unknown Agency,"Madhya Pradesh, Uttar Pradesh",665.91,0,0,1,50.91086155540097,8.509641476466925,12.004699602429481,17
103506,Roads & Highways,Unknown Agency,"Madhya Pradesh, Uttar Pradesh",996.5,1,0,0,200.0154900171239,5.371531907628123,34.076278939381986,11
103507,Roads & Highways,Unknown Agency,"Maharashtra, Telangana",1082.65,0,0,0,195.0559114564378,9.766432044021386,4.752160112663373,2
103508,Roads & Highways,Unknown Agency,"Maharashtra, Telangana",1013.33,0,0,1,98.73980054092905,7.030524795044972,18.635449924158063,20
103509,Roads & Highways,Unknown Agency,"Maharashtra, Telangana",968.05,0,0,0,32.60972344888023,3.5300589622169696,0.03456674879672983,0
103510,Roads & Highways,Unknown Agency,"Tamil Nadu, Puducherry",1358.31,0,0,0,140.11834945775757,12.14970985499523,-0.6024489232870649,3
103511,Roads & Highways,Unknown Agency,"Tamil Nadu, Puducherry",1588.4,0,0,1,258.10188731566643,11.510247001539902,12.997278452342359,21
103512,Roads & Highways,Unknown Agency,"Tamil Nadu, Puducherry",2899.77,0,0,0,438.7086218579782,12.26941146254076,-0.18840650409134252,3
103513,Roads & Highways,Unknown Agency,"Rajasthan, Uttar Pradesh",159.53,0,0,0,20.428739798801296,11.25284817708502,1.7758325421371342,0
103514,Roads & Highways,Unknown Agency,Uttarakhand,796.65,0,0,0,57.45655479416871,7.703875803518457,2.802694766053217,2
103515,Roads & Highways,Unknown Agency,Uttarakhand,1471.19,1,0,0,147.80282128655446,2.484262674490184,44.33999352428888,30
103516,Roads & Highways,Unknown Agency,Uttarakhand,238.66,0,0,0,6.6676189548568345,3.8611191623258208,0.42670815584133903,-1
103517,Roads & Highways,Unknown Agency,Uttarakhand,1051.73,0,0,1,155.9958280106497,10.58242067011777,21.922087306461542,9
103518,Roads & Highways,Unknown Agency,Uttarakhand,936.12,0,0,0,135.8927347099384,10.981626273863057,3.581443340317022,1
103519,Roads & Highways,Unknown Agency,Uttarakhand,2155.95,0,0,1,394.47094520181486,12.523281596208768,34.45561843004936,17
103521,Roads & Highways,Unknown Agency,Nagaland,252.2,0,0,1,30.78352735711141,7.6147791985400115,32.94378424269172,17
103522,Roads & Highways,Unknown Agency,Nagaland,192.93,0,0,0,23.56558959672131,10.312020922942416,0.6053818442600871,1
103523,Roads & Highways,Unknown Agency,Nagaland,297.25,0,0,0,33.15273694093892,9.236380145603846,2.7527013865370407,2
103524,Roads & Highways,Unknown Agency,Nagaland,202.36,0,0,1,46.847931523805784,11.188671874149936,28.77399860004629,16
103525,Roads & Highways,Unknown Agency,Nagaland,159.85,0,0,0,5.510795467673319,5.521279155248209,-0.46414195146384296,-1
103526,Roads & Highways,Unknown Agency,Nagaland,277.44,1,0,0,40.63519917518619,12.634206695309885,42.26701211036296,35
103527,Roads & Highways,Unknown Agency,Nagaland,232.29,0,0,0,27.64889927538544,6.77975371191847,3.589617763963288,2
103528,Roads & Highways,Unknown Agency,Nagaland,330.8,0,0,1,72.29821558886388,13.88640276266294,19.457475057278728,11
103529,Roads & Highways,Unknown Agency,Nagaland,355.79,0,0,1,52.31905602190196,15.766027042501463,21.506202407242597,18
103530,Roads & Highways,Unknown Agency,Nagaland,562.98,0,0,0,105.64953819559827,11.201362466839058,2.8680348584950943,3
103531,Roads & Highways,Unknown Agency,Nagaland,819.39,0,0,0,117.3532398674771,15.159147168414613,4.582604929914885,-1
103532,Roads & Highways,Unknown Agency,Nagaland,430.24,0,0,0,25.292070280065275,10.270629496362481,4.593471509439384,3
103533,Roads & Highways,Unknown Agency,Nagaland,497.18,1,0,0,67.36942430809813,10.65282040534337,32.264858931898466,19
103534,Others,Unknown Agency,Nagaland,442.54,1,1,1,1.45738133351977,0.696039761193099,51.13858366669144,60
103535,Roads & Highways,Unknown Agency,Nagaland,177.77,0,0,0,19.58999718462789,12.668378696858206,-1.8690039475889346,0
103536,Roads & Highways,Unknown Agency,Nagaland,258.52,0,0,0,47.202599338546435,17.45405777991885,3.853968124999273,1
103537,Roads & Highways,Unknown Agency,Nagaland,161.73,0,0,0,21.244068547418408,14.029359349268013,1.2153939522780122,2
103538,Roads & Highways,Unknown Agency,Nagaland,215.79,0,0,0,21.214361964876588,8.606059709496392,3.659704673397724,0
103539,Roads & Highways,Unknown Agency,Nagaland,323.98,0,0,0,20.81159538154907,8.133114798511102,0.6628401265733572,0
103540,Others,Unknown Agency,Odisha,199.5,0,0,0,35.29852966252365,9.890917326264912,0.9611616335641524,0
103541,Roads & Highways,Unknown Agency,Odisha,636.1,0,0,0,64.69840639777277,15.001598179202013,2.9706443944555714,-1
103542,Roads & Highways,Unknown Agency,Odisha,168.95,0,1,0,24.807839514163504,16.059516652254864,19.193863658307095,19
103543,Roads & Highways,Unknown Agency,Odisha,238.78,0,0,0,24.56996199115676,13.431914807611193,0.10168495969713298,2
103544,Roads & Highways,Unknown Agency,Odisha,324.09,0,1,0,35.01754352562803,8.393339288575808,5.712303273738717,14
103545,Roads & Highways,Unknown Agency,Odisha,511.54,0,0,0,71.86907423316825,11.114936886733545,0.5775428127772666,2
103546,Roads & Highways,Unknown Agency,Odisha,499.79,0,0,1,43.66046024664752,11.583360193845621,23.307451336616236,9
103547,Roads & Highways,Unknown Agency,Odisha,587.1,1,1,1,134.00540408196886,6.4983786247019335,57.711964913100616,67
103548,Roads & Highways,Unknown Agency,Odisha,155.97,0,0,1,38.93150205801915,12.095000927729146,29.961411745342545,21
103549,Roads & Highways,Unknown Agency,Odisha,300.33,0,0,1,66.29428456920198,12.128918593486546,25.969031291715314,12
103550,Roads & Highways,Unknown Agency,Odisha,157.49,0,0,0,26.469920429516854,10.147162332837592,0.7173599060196834,3
103551,Roads & Highways,Unknown Agency,Odisha,196.94,0,1,0,44.94213550638844,10.343056464564548,11.466464382234456,24
103552,Water Resources,Unknown Agency,Odisha,154.49,0,0,1,21.193705338569615,6.579805781200708,22.355152385874646,14
103553,Roads & Highways,Unknown Agency,Odisha,186.52,0,0,0,21.503680578311567,10.747639177781902,4.5600315438005055,2
103554,Roads & Highways,Unknown Agency,Odisha,172.66,0,0,0,5.884282415655633,5.406002830236929,-0.5940893940823024,0
103555,Roads & Highways,Unknown Agency,Odisha,172.09,0,0,0,22.005380661663555,10.443675187437528,1.506637224160837,1
103556,Roads & Highways,Unknown Agency,Odisha,844.67,0,0,0,77.1679226795527,5.36657882964694,-0.40651385469432055,1
103557,Roads & Highways,Unknown Agency,Odisha,374.17,1,0,0,56.33049405227871,12.879988446988982,38.18686139012573,19
103558,Roads & Highways,Unknown Agency,Odisha,320.64,0,0,0,29.619240913434965,7.383282710815948,-0.9103768546895974,0
103559,Roads & Highways,Unknown Agency,Odisha,263.32,0,1,1,49.17852651748758,7.968978270610883,45.22312412566778,31
103560,Roads & Highways,Unknown Agency,Odisha,1539.75,0,0,0,328.5686836244074,13.389191929066584,1.0063456993489877,0
103561,Roads & Highways,Unknown Agency,Odisha,1265.59,0,0,0,222.40502438188264,10.756303533159745,0.408582441335108,2
103562,Roads & Highways,Unknown Agency,Odisha,1492.74,0,0,0,160.21612796066347,9.050876768442592,-1.2312411176506575,0
103563,Roads & Highways,Unknown Agency,Odisha,150.86,0,0,1,7.259401745954271,4.6026615948092084,27.082082908143295,19
103564,Roads & Highways,Unknown Agency,Odisha,973.12,1,0,0,240.96059210542887,13.923199859585367,26.04057941864374,15
103565,Roads & Highways,Unknown Agency,Odisha,183.03,0,1,1,43.887125351057506,15.633193585589996,31.670788880350628,32
103566,Roads & Highways,Unknown Agency,Odisha,861.84,0,0,1,134.4986693957252,17.327192852675196,21.968347186439516,18
103567,Roads & Highways,Unknown Agency,Odisha,920.47,0,0,0,162.26707252391336,10.469829115845176,3.7737094628912375,3
103568,Roads & Highways,Unknown Agency,Odisha,929.91,0,0,0,102.76651855264697,14.249114940553522,0.8775433865701014,1
103569,Roads & Highways,Unknown Agency,Odisha,153.61,0,0,0,17.777698786729587,8.36999833834346,4.287646369661307,1
103570,Roads & Highways,Unknown Agency,Odisha,609.63,0,0,1,37.74517928983439,7.0013878650925605,13.514989655232354,19
103571,Roads & Highways,Unknown Agency,Odisha,639.3,1,1,0,128.02113271109891,16.15895199353294,36.01440511177892,40
103572,Roads & Highways,Unknown Agency,Odisha,1101.76,0,0,0,80.23672686179975,11.612171790153013,1.0654018239133927,0
103573,Roads & Highways,Unknown Agency,Odisha,2510.04,0,0,0,318.72112299108085,10.420608206288932,3.6483723523648592,2
103574,Roads & Highways,Unknown Agency,Odisha,999.32,1,0,0,208.33709503488433,7.5844420306278515,32.02390967912933,19
103575,Roads & Highways,Unknown Agency,Odisha,795.18,0,1,0,129.6910707147171,16.238963768164346,6.955039329307568,20
103576,Roads & Highways,Unknown Agency,Odisha,789.0,0,1,1,123.3869673754939,13.810323789773193,29.449833021493717,23
103577,Roads & Highways,Unknown Agency,Odisha,882.45,0,0,0,187.9744054324317,13.563540814676209,4.957047681505588,2
103578,Roads & Highways,Unknown Agency,Odisha,791.17,0,0,1,68.50130490474726,13.778752916615069,24.978112737888615,10
103579,Roads & Highways,Unknown Agency,Odisha,991.41,1,1,0,60.38040304664388,6.1969521023065575,52.37544883149778,52
103580,Roads & Highways,Unknown Agency,Punjab,546.67,0,0,1,63.91928015939601,7.0180020353115555,19.08086644230528,14
103581,Roads & Highways,Unknown Agency,Punjab,152.58,1,0,0,4.397914868321607,4.193953396630867,38.637967539207025,36
103582,Roads & Highways,Unknown Agency,Punjab,263.19,0,0,0,47.40451435766238,12.656470278435421,2.900775910724618,-1
103583,Roads & Highways,Unknown Agency,Punjab,1759.82,1,0,0,156.06935445036538,8.617539879412476,20.236352102301343,36
103584,Roads & Highways,Unknown Agency,Punjab,1895.74,1,0,1,239.85420155609506,4.718024601631219,66.4740389998009,41
103585,Roads & Highways,Unknown Agency,Punjab,1851.47,1,0,0,349.24674211999104,10.358966848315461,41.10610683699756,14
103586,Roads & Highways,Unknown Agency,Punjab,2177.54,0,0,0,341.2153869808037,15.44243736231165,3.9482277134482846,-1
103609,Roads & Highways,Unknown Agency,Punjab,1368.91,0,0,0,82.64065827463173,11.805473817906659,4.31051535321472,1
103587,Roads & Highways,Unknown Agency,Punjab,2175.35,0,0,1,302.2821453090927,10.49365068007885,17.290737553435168,14
103588,Roads & Highways,Unknown Agency,Punjab,1734.18,1,0,0,219.40838805088578,9.233601329820601,45.91472843069068,15
103589,Roads & Highways,Unknown Agency,Punjab,2165.23,1,0,0,416.4208388031392,6.504729844357454,27.453939420117585,19
103590,Roads & Highways,Unknown Agency,Punjab,666.81,0,0,1,45.07425874997306,8.5256468333628,17.39378191633398,11
103591,Roads & Highways,Unknown Agency,Punjab,1754.84,1,0,0,346.5766650614604,9.614152740589253,37.061325319777666,27
103592,Roads & Highways,Unknown Agency,Punjab,789.26,0,0,1,190.0332233108366,9.754625092892802,10.544067461768083,8
103593,Roads & Highways,Unknown Agency,Punjab,1229.38,0,0,1,213.4255029592527,12.254116693787296,24.33354365174009,19
103594,Roads & Highways,Unknown Agency,Punjab,2029.17,0,0,1,202.85550723455623,7.180548754737181,19.263078954835663,16
103595,Roads & Highways,Unknown Agency,Punjab,906.51,0,0,0,14.142805357524821,5.475517327147443,4.987086956967877,3
103596,Roads & Highways,Unknown Agency,Punjab,1032.59,0,1,0,94.02231716435506,10.757647202460731,9.755801519499544,15
103597,Roads & Highways,Unknown Agency,Punjab,1237.65,1,0,1,148.5591522979607,6.90851949470736,52.42226813489408,30
103598,Roads & Highways,Unknown Agency,Punjab,1501.02,0,0,0,158.26009847958574,11.528831719936122,-1.6997180778454322,3
103599,Roads & Highways,Unknown Agency,Punjab,1196.38,0,1,0,163.18507897020842,12.761179673621822,13.573693970130734,21
103600,Roads & Highways,Unknown Agency,Punjab,1409.88,0,0,0,287.12524530782673,10.91866405444702,3.050462126562288,1
103601,Roads & Highways,Unknown Agency,Punjab,524.88,0,1,1,8.448333802302756,4.441800555057119,45.936135633140175,42
103602,Roads & Highways,Unknown Agency,Punjab,1474.77,0,0,0,123.66488103888196,12.69082062731168,2.2765585423372965,0
103603,Roads & Highways,Unknown Agency,Punjab,809.51,0,0,0,81.41558599537962,15.568561597972852,3.395534663903022,2
103604,Roads & Highways,Unknown Agency,Punjab,1003.38,0,0,0,203.4482514665902,14.777019266699739,0.9611559633951896,-1
103605,Roads & Highways,Unknown Agency,Punjab,857.91,0,0,0,68.84267382253779,9.79401116093726,-0.7035478230095169,-1
103606,Roads & Highways,Unknown Agency,Punjab,1801.37,0,0,1,201.56991075209362,5.741655794477964,16.699002486854415,10
103607,Roads & Highways,Unknown Agency,Punjab,1555.13,0,0,1,299.2729244263446,13.227603807516175,17.636869975310088,19
103608,Roads & Highways,Unknown Agency,Punjab,1641.75,1,1,0,294.07066543917244,10.689086014966687,45.99144129289553,24
103610,Roads & Highways,Unknown Agency,Rajasthan,379.23,0,0,1,75.74760896950019,13.552047851189066,22.14384274444093,13
103611,Roads & Highways,Unknown Agency,Rajasthan,186.29,0,1,1,45.323453967856366,14.482631700293943,36.78366293087475,33
103612,Roads & Highways,Unknown Agency,Rajasthan,150.11,0,0,0,21.849208733758708,10.809514467320074,0.07671772849894909,1
103613,Roads & Highways,Unknown Agency,Rajasthan,194.88,0,0,0,11.869762051114122,10.02171437300477,4.782464831849107,3
103614,Roads & Highways,Unknown Agency,Rajasthan,411.44,0,0,0,50.416591590474866,13.6935662050115,1.9512400864939412,1
103615,Roads & Highways,Unknown Agency,Rajasthan,334.64,1,0,1,43.660828620801226,13.834063296168473,58.84194976078699,32
103616,Roads & Highways,Unknown Agency,Rajasthan,606.61,0,0,1,68.14061955401937,8.989331526319324,29.07342628718339,12
103617,Roads & Highways,Unknown Agency,Rajasthan,838.43,1,0,0,198.44607960629298,16.98772044910981,41.35757234139472,13
103618,Roads & Highways,Unknown Agency,Rajasthan,154.89,0,0,0,4.608011815373857,9.66975346163494,-0.7076215627324709,3
103619,Roads & Highways,Unknown Agency,Rajasthan,174.34,0,0,0,7.046386473334138,7.398892415549653,-0.9833077222492772,-1
103620,Roads & Highways,Unknown Agency,Rajasthan,317.74,1,0,0,58.03276481212609,11.302358427226025,22.366158619860315,36
103621,Roads & Highways,Unknown Agency,Rajasthan,278.1,0,0,0,43.5384286598144,10.834633458965559,-1.410134575899404,0
103622,Roads & Highways,Unknown Agency,Rajasthan,1119.35,0,1,0,100.02595350736829,10.968132533193298,7.946074755819534,10
103623,Roads & Highways,Unknown Agency,Rajasthan,1272.97,1,0,0,175.54007358230598,10.510031150663046,22.52351315797663,21
103624,Roads & Highways,Unknown Agency,Rajasthan,1854.68,0,0,0,369.53277866769895,10.82994904218981,0.141188854033222,2
103625,Roads & Highways,Unknown Agency,Rajasthan,520.63,0,0,0,114.44380444874704,11.853720015702741,3.849775872366709,0
103626,Roads & Highways,Unknown Agency,Rajasthan,846.59,0,0,0,150.35088217013094,6.926783929688609,1.163157446453269,1
103627,Roads & Highways,Unknown Agency,Rajasthan,662.08,0,0,0,108.89677318927613,13.946952158946026,4.1197844960155185,0
103628,Roads & Highways,Unknown Agency,Rajasthan,2010.2,1,0,0,390.8578177362599,15.90171330249359,28.698039808721077,31
103629,Roads & Highways,Unknown Agency,Rajasthan,1764.86,0,0,1,314.57055859556556,12.287305073638336,20.978107356967683,11
103630,Roads & Highways,Unknown Agency,Rajasthan,828.58,0,0,1,46.992316776555754,10.277915239513447,20.541188607020878,16
103631,Roads & Highways,Unknown Agency,Rajasthan,1237.71,0,1,0,103.39325973261782,16.84902549123933,8.793140413177213,18
103632,Roads & Highways,Unknown Agency,Rajasthan,736.75,0,0,0,46.85328608467614,7.251095914953012,1.7979920513391665,2
103633,Roads & Highways,Unknown Agency,Rajasthan,353.3,1,0,0,55.319095447983955,14.127475088526019,38.17285309965154,21
103634,Roads & Highways,Unknown Agency,Rajasthan,1636.15,0,0,0,115.21773193115746,8.143415038101736,-0.9340411836319826,2
103635,Roads & Highways,Unknown Agency,Rajasthan,170.49,0,0,1,15.68265914469725,4.958264703897038,25.227362691108556,17
103636,Roads & Highways,Unknown Agency,Sikkim,385.15,0,0,0,41.69599530028819,8.547469815749263,4.522012429040589,2
103637,Roads & Highways,Unknown Agency,Sikkim,264.84,1,1,1,17.123213842152587,3.0298163770372772,55.27005915312634,46
103638,Roads & Highways,Unknown Agency,Sikkim,264.84,0,1,0,34.123671208013576,14.325662940468291,17.720047955291303,15
103639,Roads & Highways,Unknown Agency,Sikkim,493.42,0,1,0,67.69059846790242,11.893081890513955,15.298779377401834,22
103640,Roads & Highways,Unknown Agency,Sikkim,410.6,1,1,0,39.95709610958437,7.381178046315945,50.42884329708179,40
103641,Roads & Highways,Unknown Agency,Sikkim,816.79,0,0,1,77.5326826946202,8.284624138330615,19.490558203052114,14
103642,Roads & Highways,Unknown Agency,Sikkim,230.45,0,0,0,42.661628537963864,13.964725643732045,2.5468495528544564,3
103643,Roads & Highways,Unknown Agency,Sikkim,292.8,0,0,0,41.60181827067048,7.180555264134009,-1.4150949407903026,1
103644,Roads & Highways,Unknown Agency,Tamil Nadu,238.97,0,0,0,5.632856274454042,6.796102666952592,1.7561594940457135,0
103645,Roads & Highways,Unknown Agency,Tamil Nadu,1106.65,0,0,0,178.17119774638672,14.028524158700513,-1.654887593557881,0
103646,Roads & Highways,Unknown Agency,Tamil Nadu,1525.1,0,0,0,105.92092649526376,16.58111881550318,0.26227893940068014,2
103647,Roads & Highways,Unknown Agency,Tamil Nadu,162.55,0,0,1,20.349398097681103,10.734093665220783,12.818323451259587,12
103648,Roads & Highways,Unknown Agency,Tamil Nadu,3605.73,0,0,0,571.3821993595341,15.097092475442825,0.41612658961106463,2
103649,Roads & Highways,Unknown Agency,Tamil Nadu,766.51,0,1,0,65.46513263431257,9.49384164351548,15.395363342941252,8
103650,Roads & Highways,Unknown Agency,Tamil Nadu,411.16,0,0,1,57.08531532773469,12.342126152195725,26.012516727730915,11
103651,Roads & Highways,Unknown Agency,Tamil Nadu,904.99,1,1,0,172.77149667928353,2.0860311158919282,51.44969993803826,42
103652,Roads & Highways,Unknown Agency,Tamil Nadu,579.0,1,0,0,127.90665405297415,10.702973066203842,34.502868167472805,36
103653,Others,Unknown Agency,Tamil Nadu,900.05,0,1,1,82.25286789603513,13.274644494681539,24.674896763530015,28
103654,Roads & Highways,Unknown Agency,Tamil Nadu,1564.23,0,0,0,93.80967798536244,5.735144182179084,0.48016519320986895,0
103655,Roads & Highways,Unknown Agency,Tamil Nadu,1359.81,0,1,0,325.4256970805711,16.855974028718265,18.251609401491816,15
103656,Roads & Highways,Unknown Agency,Tamil Nadu,876.88,0,0,0,117.82385663633067,10.211230186818874,-1.7289743823548882,-1
103657,Roads & Highways,Unknown Agency,Tamil Nadu,1076.97,1,0,0,124.01056032206063,7.795728817052872,34.015145602887664,23
103658,Roads & Highways,Unknown Agency,Tamil Nadu,1317.6,0,0,1,261.67118948557913,15.982708149990085,29.41150812071406,20
103659,Roads & Highways,Unknown Agency,Tamil Nadu,1103.86,0,0,0,127.90202206159296,10.68038746803401,0.8769606939848495,2
103660,Others,Unknown Agency,Tamil Nadu,449.85,0,0,1,58.1811667672126,11.81618010930077,21.16712387948028,17
103661,Roads & Highways,Unknown Agency,Tamil Nadu,1616.97,0,1,0,218.04854685813328,6.379099126271932,13.036151716362872,25
103662,Roads & Highways,Unknown Agency,Tamil Nadu,1388.59,0,0,1,369.9011308608508,11.184157973532372,28.308067017293837,16
103663,Roads & Highways,Unknown Agency,Tamil Nadu,2565.63,0,0,0,147.45799797666996,5.342867480503472,0.8683748992798832,0
103664,Roads & Highways,Unknown Agency,Tamil Nadu,1003.11,0,0,1,119.92394120681024,7.341089875616802,22.446623218948233,18
103665,Roads & Highways,Unknown Agency,Tamil Nadu,1772.13,0,0,0,162.62794014925544,10.304247187093544,-0.8153000431699127,2
103666,Others,Unknown Agency,Tamil Nadu,1319.42,0,0,0,162.03863277011305,7.679943904934561,2.47064566944659,-1
103667,Roads & Highways,Unknown Agency,Tamil Nadu,2356.19,1,0,0,265.6452366753049,6.299651227565848,31.082810058587054,34
103668,Roads & Highways,Unknown Agency,Tamil Nadu,1163.17,0,0,0,26.920473483604155,6.534560300166831,4.12744198278577,2
103669,Roads & Highways,Unknown Agency,Tamil Nadu,1499.12,1,0,0,224.41537667018906,7.91215473383059,34.12365088535461,16
103670,Others,Unknown Agency,Tamil Nadu,861.23,0,0,1,131.65355938355842,8.129438188473854,13.866993735777402,17
103671,Roads & Highways,Unknown Agency,Tamil Nadu,1205.4,1,0,0,227.87178254448975,13.430634742919452,33.834651191077526,28
103672,Roads & Highways,Unknown Agency,Tamil Nadu,1673.17,0,0,0,78.75599849319701,9.964370478017884,1.4996234280554663,0
103673,Roads & Highways,Unknown Agency,Tamil Nadu,255.53,1,0,1,19.846758260686467,3.0746111316079023,53.696130538709745,40
103674,Roads & Highways,Unknown Agency,Tamil Nadu,461.54,0,1,0,58.990176583628,13.28058544967331,8.722126723517256,23
103675,Roads & Highways,Unknown Agency,Tamil Nadu,852.0,0,0,0,177.31062070339192,11.52056544745875,1.3871843835518276,3
103676,Roads & Highways,Unknown Agency,Tamil Nadu,1243.57,0,0,1,208.74067055191205,7.26051916379104,24.321957347367075,19
103677,Roads & Highways,Unknown Agency,Tamil Nadu,1360.54,0,1,0,205.95853416862838,5.320058852762168,9.036786376036613,13
103678,Roads & Highways,Unknown Agency,Tamil Nadu,1116.13,0,0,1,193.07188128354687,9.971644139896853,28.06160186293065,11
103679,Others,Unknown Agency,Tamil Nadu,837.61,1,0,1,212.87991535188553,9.384913675520206,67.02843608729204,32
103680,Roads & Highways,Unknown Agency,Tamil Nadu,1299.36,1,0,0,108.4209425350221,4.20248929078385,42.97349759606901,21
103681,Roads & Highways,Unknown Agency,Tamil Nadu,1376.1,0,1,1,239.4290220270596,9.091540041788164,37.176427265551595,17
103682,Roads & Highways,Unknown Agency,Tamil Nadu,467.99,0,0,1,69.83496227676932,11.665563190741636,21.499662574666637,22
103683,Roads & Highways,Unknown Agency,Telangana,283.15,0,0,1,41.170787805223924,7.415274672265621,21.088167507008208,18
103684,Roads & Highways,Unknown Agency,Telangana,253.99,0,0,1,39.57729900197765,12.349183539339656,23.23229845010925,17
103685,Roads & Highways,Unknown Agency,Telangana,1297.75,0,1,0,247.58847824688735,9.188879623351674,9.49424117163586,15
103686,Roads & Highways,Unknown Agency,Telangana,545.11,0,0,0,49.60342006317683,15.63565822107114,4.258862473031468,3
103687,Roads & Highways,Unknown Agency,Telangana,626.76,0,0,0,75.92724152523766,9.414670137682009,0.6211471152554444,2
103688,Roads & Highways,Unknown Agency,Telangana,359.0,1,0,0,40.44692086454086,12.619217003086987,32.00054275734045,23
103689,Roads & Highways,Unknown Agency,Telangana,230.03,1,0,0,51.89511949291931,11.23645810434197,35.85177787502126,21
103690,Others,Unknown Agency,Telangana,317.19,1,1,0,56.93195627131685,8.876195677640794,51.30815076866284,51
103691,Roads & Highways,Unknown Agency,Telangana,322.81,1,0,0,61.823699388765306,8.034568606652037,20.71559273578421,16
103692,Roads & Highways,Unknown Agency,Telangana,220.28,0,0,0,13.424760286235397,10.371023452437441,1.9788250481982588,3
103693,Others,Unknown Agency,Telangana,294.13,0,0,0,31.24342519557696,12.37494052920356,4.887305310056775,-1
103694,Roads & Highways,Unknown Agency,Telangana,300.0,0,0,0,29.603112591863663,9.22060799715063,-0.6591537349517931,0
103695,Roads & Highways,Unknown Agency,Telangana,298.0,0,0,0,34.10284735332738,12.550594668058672,4.9692729543112035,-1
103696,Roads & Highways,Unknown Agency,Telangana,216.53,0,0,0,22.54067390243722,11.376639739157206,-1.226463342005224,-1
103697,Roads & Highways,Unknown Agency,Telangana,192.67,0,1,1,13.946993874172794,3.2343441618982594,21.30271322507268,29
103698,Roads & Highways,Unknown Agency,Telangana,605.08,0,0,0,72.21628005144254,7.581006392814743,1.7886249165911896,3
103699,Roads & Highways,Unknown Agency,Telangana,512.98,0,0,0,55.16503364422721,15.29767700700117,1.1806240759852598,0
103700,Roads & Highways,Unknown Agency,Telangana,886.69,0,0,0,115.89405350345504,14.304793815977554,3.0287859551480434,0
103745,Roads & Highways,Unknown Agency,Uttar Pradesh,185.09,0,0,0,19.08684392522764,10.160455789054126,-0.6089988134404702,2
103701,Roads & Highways,Unknown Agency,Telangana,631.49,0,0,0,89.31040654477255,9.795337259614282,-0.299124800991716,0
103702,Others,Unknown Agency,Telangana,703.68,0,1,0,99.26929665800549,11.451412764978372,16.60304207860523,13
103703,Others,Unknown Agency,Telangana,490.92,0,0,1,37.359076350001146,4.857556061166459,19.561682989980344,18
103704,Roads & Highways,Unknown Agency,Telangana,206.13,0,0,0,30.581521194027275,10.48073511387744,3.2614896367315227,2
103705,Roads & Highways,Unknown Agency,Telangana,445.76,0,0,0,35.24082109368118,12.386101038164227,4.568332600694071,1
103706,Roads & Highways,Unknown Agency,Telangana,423.48,1,0,0,64.25681563838384,14.322513078840188,17.363727978559456,35
103707,Roads & Highways,Unknown Agency,Telangana,244.54,1,0,0,37.03250413075703,6.4953525298821635,23.84163712330425,23
103708,Roads & Highways,Unknown Agency,Telangana,197.0,0,0,0,10.861803574904997,15.087213751077478,3.813967141994352,0
103709,Others,Unknown Agency,Telangana,499.88,0,0,0,63.03395804176506,11.4077166687849,1.22758321306467,-1
103710,Roads & Highways,Unknown Agency,Telangana,399.01,0,0,0,43.66740167588479,13.85754685370324,4.99917984815425,-1
103711,Roads & Highways,Unknown Agency,Telangana,549.28,0,0,1,66.1512231252618,9.90708813752282,30.656939973918973,8
103712,Roads & Highways,Unknown Agency,Telangana,644.45,1,0,0,138.01767474697482,12.14805105220725,46.67404811401596,24
103713,Roads & Highways,Unknown Agency,Telangana,578.85,0,0,0,60.19102159941923,9.394911440465563,2.1314446474966076,2
103714,Roads & Highways,Unknown Agency,Telangana,882.18,0,0,0,132.0850210022461,12.863032365774018,0.7278211158391317,3
103715,Roads & Highways,Unknown Agency,Telangana,955.49,0,0,1,204.68108613837586,11.462095684100728,22.92476222732688,14
103716,Roads & Highways,Unknown Agency,Telangana,521.53,0,0,0,66.85631130977885,15.874039236043629,4.017382253847355,-1
103717,Roads & Highways,Unknown Agency,Telangana,541.58,1,0,0,43.390069122261224,3.553804825041073,25.4576773227202,23
103718,Roads & Highways,Unknown Agency,Telangana,797.36,0,0,0,119.94663063790668,11.32820259771676,4.7543473322071526,2
103719,Roads & Highways,Unknown Agency,Telangana,2146.86,0,0,0,193.5844072804066,9.729000079667202,-0.4765040215408296,-1
103720,Roads & Highways,Unknown Agency,Telangana,1183.71,1,0,0,250.08546257912036,11.144174005725606,35.261189236412925,17
103721,Roads & Highways,Unknown Agency,Telangana,1129.33,1,0,0,145.69293641240665,13.41529615082652,43.353568794941644,22
103722,Roads & Highways,Unknown Agency,Telangana,1127.9,0,0,0,175.8890700306057,14.760252580380715,4.144790150814617,2
103746,Roads & Highways,Unknown Agency,Uttar Pradesh,319.96,0,0,0,27.154669962209454,10.516468769259873,-0.6026540933806914,0
103723,Roads & Highways,Unknown Agency,Telangana,1142.6,1,0,0,214.46062720277183,11.183702169663754,17.67217334174759,24
103724,Roads & Highways,Unknown Agency,Telangana,1092.88,0,0,1,153.09374785925942,6.9886748219389325,14.30947116459657,10
103725,Roads & Highways,Unknown Agency,Telangana,973.45,0,0,0,147.93528305645748,10.970273903331162,3.6158449698508734,1
103726,Roads & Highways,Unknown Agency,Telangana,958.86,0,0,1,163.04999160938883,8.326511571260554,27.8576655642316,20
103727,Roads & Highways,Unknown Agency,Telangana,1149.17,1,0,0,217.484605759712,11.841228921136302,36.08366058853308,30
103728,Others,Unknown Agency,Telangana,690.33,1,1,0,12.522942003621438,2.4252871009226435,51.44943336105469,38
103729,Roads & Highways,Unknown Agency,Telangana,615.78,0,0,0,83.15298465645247,10.833030702443793,0.7592706663659667,0
103730,Roads & Highways,Unknown Agency,Telangana,177.18,1,0,0,20.71691347864913,16.133759971614705,20.28408263293133,17
103731,Roads & Highways,Unknown Agency,Telangana,295.47,0,0,0,21.57411671177195,10.001924180333937,3.3117787702816193,1
103732,Roads & Highways,Unknown Agency,Telangana,516.17,0,0,0,33.63119942076327,7.619073225405245,-1.9176456856444712,1
103733,Roads & Highways,Unknown Agency,Tripura,920.66,1,0,1,74.70122746837544,1.2184297949072622,55.232114506508374,36
103734,Roads & Highways,Unknown Agency,Tripura,726.9,0,0,0,86.89785999898555,9.744644614545479,3.5259947776894487,3
103735,Roads & Highways,Unknown Agency,Tripura,670.9,0,0,1,98.48292132576634,15.786334980003716,29.008922480373936,12
103736,Roads & Highways,Unknown Agency,Tripura,657.21,0,0,0,83.92628081052888,11.00924980718704,-0.29775231711207395,0
103737,Roads & Highways,Unknown Agency,Tripura,431.78,0,0,0,62.469044069296075,15.545169270116105,-1.8759349015479974,-1
103738,Roads & Highways,Unknown Agency,Tripura,174.43,0,0,1,28.398374763499532,15.685999117548036,30.285625011866983,22
103739,Roads & Highways,Unknown Agency,Tripura,277.5,0,0,0,55.43617864438153,16.39735089436971,0.7263152266022068,-1
103740,Roads & Highways,Unknown Agency,Tripura,195.95,0,0,0,15.451203132232962,5.053423743800309,1.507082155196097,1
103741,Roads & Highways,Unknown Agency,Tripura,2026.05,1,0,0,222.28090442596152,9.06115148165834,23.117625315820213,15
103742,Roads & Highways,Unknown Agency,Uttar Pradesh,274.06,0,1,1,44.699333155467144,13.567095076948334,37.002215808515956,21
103743,Roads & Highways,Unknown Agency,Uttar Pradesh,296.02,0,0,0,30.091713802987783,9.539942944893525,0.41997479580481656,2
103744,Roads & Highways,Unknown Agency,Uttar Pradesh,309.63,0,0,0,25.753109334639248,11.365920108965724,-0.7001318908432526,0
103747,Roads & Highways,Unknown Agency,Uttar Pradesh,515.69,0,0,1,40.793723636402795,10.510704883227177,23.591340576366846,12
103748,Roads & Highways,Unknown Agency,Uttar Pradesh,225.17,0,0,0,38.18301088393348,12.428628431822084,-0.8946258396752107,2
103749,Roads & Highways,Unknown Agency,Uttar Pradesh,509.65,0,0,1,89.96087218104947,10.061407391457674,15.29511838684577,15
103750,Roads & Highways,Unknown Agency,Uttar Pradesh,189.31,1,0,0,23.858225998959625,12.404770196261026,17.86977703953431,17
103751,Roads & Highways,Unknown Agency,Uttar Pradesh,262.37,0,1,1,27.855114360889388,16.556322585467726,34.869676276515754,32
103752,Roads & Highways,Unknown Agency,Uttar Pradesh,283.86,0,0,0,36.30097168838156,15.55520777214305,4.490101044436447,3
103753,Roads & Highways,Unknown Agency,Uttar Pradesh,1086.3,1,0,1,178.89267809953685,10.183748875639743,60.88753012319032,25
103754,Roads & Highways,Unknown Agency,Uttar Pradesh,840.93,1,0,1,12.430262790992671,4.812937103217357,50.276897618960184,29
103755,Roads & Highways,Unknown Agency,Uttar Pradesh,438.24,0,0,0,60.29368082505698,14.789728750751763,-0.6157305065487857,-1
103756,Roads & Highways,Unknown Agency,Uttar Pradesh,395.62,0,0,1,63.76592407570156,5.777154123836485,14.200894393088834,12
103757,Roads & Highways,Unknown Agency,Uttar Pradesh,307.11,1,0,1,60.745938297530785,6.166905009567509,35.31487242136721,34
103758,Roads & Highways,Unknown Agency,Uttar Pradesh,403.36,0,0,0,35.66842140448438,8.445820904615033,-1.618728219351416,-1
103759,Roads & Highways,Unknown Agency,Uttar Pradesh,912.5,0,1,0,130.8753821531718,14.135333298635189,10.635566006687728,11
103760,Roads & Highways,Unknown Agency,Uttar Pradesh,587.97,0,0,1,123.41485314418873,6.381152448096952,22.947392097024732,10
103761,Roads & Highways,Unknown Agency,Uttar Pradesh,1192.33,0,0,1,228.7943927029794,10.122845545999247,32.351225748734855,11
103762,Roads & Highways,Unknown Agency,Uttar Pradesh,1679.75,0,1,1,183.16978151199277,8.918901283541324,26.334938787656128,20
103763,Roads & Highways,Unknown Agency,Uttar Pradesh,343.54,0,0,0,55.82076153975294,13.145231129413581,-0.4033557680083766,-1
103764,Roads & Highways,Unknown Agency,Uttar Pradesh,2008.7,0,0,0,269.0646223527606,14.013545043226259,4.452072213827959,0
103765,Roads & Highways,Unknown Agency,Uttar Pradesh,809.25,0,0,0,72.80327189519176,9.147776056975076,0.3332382256049238,2
103766,Roads & Highways,Unknown Agency,Uttar Pradesh,1141.67,0,1,0,133.8283155279949,5.551670466778122,18.4095880033827,23
103767,Roads & Highways,Unknown Agency,Uttar Pradesh,1156.72,0,1,0,197.177356470774,16.986499698028275,16.759551775903923,16
103768,Roads & Highways,Unknown Agency,Uttar Pradesh,697.66,0,0,1,157.2624292282432,7.24793610968003,23.003007441482808,22
103769,Roads & Highways,Unknown Agency,Uttar Pradesh,264.86,1,0,1,32.26951730138513,3.6485746851203356,55.47658158363481,32
103770,Roads & Highways,Unknown Agency,Uttar Pradesh,917.91,1,0,0,8.731810858682035,3.3438858351087966,21.05410785368892,35
103771,Roads & Highways,Unknown Agency,Uttar Pradesh,640.18,1,0,0,146.43408602186935,11.256407511280493,43.158967715957324,21
103772,Others,Unknown Agency,Uttar Pradesh,947.15,0,0,0,169.47751036502274,10.597884730501782,2.7200334236886263,0
103773,Roads & Highways,Unknown Agency,Uttar Pradesh,211.09,1,0,0,17.75207094988255,14.882521618912058,28.65919771278999,23
103774,Roads & Highways,Unknown Agency,Uttar Pradesh,1948.25,0,0,0,218.52226398806351,9.220026045516907,4.553840289675625,3
103775,Roads & Highways,Unknown Agency,Uttar Pradesh,236.47,1,0,0,45.811420786195,8.33165205283003,20.033644689543074,26
103776,Roads & Highways,Unknown Agency,Uttar Pradesh,1138.72,0,0,0,136.69795263986384,13.546996034436368,2.849429676270524,-1
103777,Roads & Highways,Unknown Agency,Uttar Pradesh,1273.72,0,0,0,66.91957853142276,4.871523693796121,0.4960409642218391,2
103778,Roads & Highways,Unknown Agency,Uttar Pradesh,1708.62,0,0,0,299.27245337418833,11.770395866529071,-0.15619501263812197,2
103779,Roads & Highways,Unknown Agency,Uttar Pradesh,1653.15,1,0,0,230.6471335576225,16.21534366818704,31.4868109786185,13
103780,Roads & Highways,Unknown Agency,Uttar Pradesh,1511.57,0,0,0,306.44713931974917,11.4226022419206,2.43888414013019,2
103781,Roads & Highways,Unknown Agency,Uttar Pradesh,974.19,0,0,1,182.80916521903163,10.1140409127362,23.68310619752274,15
103782,Roads & Highways,Unknown Agency,Uttar Pradesh,1348.06,0,0,0,294.06504831237424,13.759547155021977,1.5022300566642266,3
103783,Roads & Highways,Unknown Agency,Uttar Pradesh,1734.7,0,0,0,220.1492351171397,9.147395439245031,-0.9754438021575789,-1
103784,Roads & Highways,Unknown Agency,Uttar Pradesh,701.02,0,0,0,81.62847865287858,10.71644146817065,4.044388176838785,1
103785,Roads & Highways,Unknown Agency,Uttar Pradesh,2061.86,0,0,0,318.86496824308665,9.943509675283536,-1.57950459014205,2
103786,Roads & Highways,Unknown Agency,Uttar Pradesh,172.5,0,0,1,20.513665131111907,10.43564820749478,25.045808984871737,12
103787,Roads & Highways,Unknown Agency,Uttar Pradesh,325.24,0,0,0,60.102272775721104,12.010856354883746,3.2877057745515144,-1
103788,Roads & Highways,Unknown Agency,Uttar Pradesh,2471.56,0,0,0,502.28460844665597,11.101121422705319,-0.48604703209913547,-1
103789,Roads & Highways,Unknown Agency,Uttar Pradesh,1972.94,0,0,0,368.363319498182,16.083244747935375,-1.1984469825358213,1
103790,Roads & Highways,Unknown Agency,Uttar Pradesh,1081.39,0,0,0,106.81520710763516,9.580356233595467,1.9590046928289233,2
103791,Roads & Highways,Unknown Agency,Uttar Pradesh,1991.71,0,0,0,175.98899265392652,8.193812065611823,2.505336831861575,0
103792,Roads & Highways,Unknown Agency,Uttar Pradesh,1603.53,1,0,1,405.0740366646356,9.965086001657394,56.14069556857418,38
103793,Roads & Highways,Unknown Agency,Uttar Pradesh,1753.75,0,0,1,453.87442571373776,14.89643572987638,19.3637507630127,7
103794,Roads & Highways,Unknown Agency,Uttar Pradesh,1792.68,0,0,1,259.849332513863,8.128027309454096,24.00147226393384,23
103795,Roads & Highways,Unknown Agency,Uttar Pradesh,1089.41,0,0,0,102.94613342485388,13.030897133570043,2.608201610151762,1
103796,Roads & Highways,Unknown Agency,Uttar Pradesh,1089.41,1,0,0,79.0707853158818,2.9880406321106627,34.792234240711196,31
103797,Roads & Highways,Unknown Agency,Uttar Pradesh,957.62,0,0,1,106.23403866021988,5.968480010157579,17.024102709227307,16
103798,Roads & Highways,Unknown Agency,Uttar Pradesh,879.26,1,0,1,232.0417324863629,8.969112423197801,43.582603618103334,52
103799,Roads & Highways,Unknown Agency,Uttar Pradesh,526.45,0,0,0,87.55141221564864,14.138393559303708,3.5248544284778527,-1
103800,Roads & Highways,Unknown Agency,Uttar Pradesh,1973.98,0,0,0,91.55942226462867,4.359126776413149,-1.4351866793788186,3
103801,Roads & Highways,Unknown Agency,Uttar Pradesh,2289.34,1,0,0,331.5148371969019,14.636556834766182,15.91023864200955,13
103802,Roads & Highways,Unknown Agency,Uttar Pradesh,2541.13,0,1,0,538.5266588341541,11.823813567503827,17.71471732830598,14
103803,Roads & Highways,Unknown Agency,Uttar Pradesh,1632.93,0,0,0,95.6517834816791,11.867057177522653,4.367675331926165,1
103804,Roads & Highways,Unknown Agency,Uttar Pradesh,1663.38,0,1,1,232.4276623205388,8.036923860582075,23.838339542949285,23
103805,Roads & Highways,Unknown Agency,Uttar Pradesh,1226.64,1,0,0,31.611430335959103,7.526923160415542,45.28254898008322,34
103806,Roads & Highways,Unknown Agency,Uttar Pradesh,2002.79,0,0,1,114.5550523188338,6.50687020254591,13.979092119606253,22
103807,Roads & Highways,Unknown Agency,Uttar Pradesh,1843.59,1,0,0,258.4705819354167,14.212455113397773,36.666196849998364,18
103808,Roads & Highways,Unknown Agency,Uttar Pradesh,991.89,0,0,1,172.58912883329742,8.652401553178429,25.591615331742048,21
103809,Roads & Highways,Unknown Agency,Uttar Pradesh,1309.08,0,1,1,229.89773983511083,12.137471898139651,25.890129902285217,40
103810,Roads & Highways,Unknown Agency,Uttar Pradesh,516.16,0,0,0,54.281789578914186,14.662403786453325,0.9517412860984749,-1
103811,Roads & Highways,Unknown Agency,Uttar Pradesh,1394.14,0,0,0,251.4917514587089,15.850492515326444,3.4026737347290084,0
103812,Roads & Highways,Unknown Agency,Uttar Pradesh,2555.5,0,0,0,576.0057169440765,14.687744027480392,4.937897063341251,2
103813,Roads & Highways,Unknown Agency,Uttar Pradesh,197.6,0,0,0,36.354669998002535,12.065121575467401,3.3330293455403552,0
103814,Roads & Highways,Unknown Agency,Uttar Pradesh,649.44,1,0,0,90.52174684148733,9.126227978039104,41.64741519762954,18
103815,Roads & Highways,Unknown Agency,Uttar Pradesh,706.41,0,0,0,71.55636742736522,8.115720291813247,2.6399150542543515,2
103939,Water Resources,Unknown Agency,Maharashtra,211.46,0,0,0,29.41468663975091,8.936295137930642,1.216913936075938,1
103816,Roads & Highways,Unknown Agency,Uttar Pradesh,838.68,0,0,0,92.08795166770062,15.505062620636146,1.8002081432833048,1
103817,Roads & Highways,Unknown Agency,Uttar Pradesh,1101.79,0,0,0,193.7298284581691,15.996597023489187,-1.5869379300116497,1
103818,Roads & Highways,Unknown Agency,Uttar Pradesh,955.34,1,0,1,131.40063412543358,7.204973358649257,49.747153370589515,38
103819,Roads & Highways,Unknown Agency,Uttar Pradesh,575.66,0,1,1,49.087858528778156,14.051768626821726,34.28861874013333,28
103820,Roads & Highways,Unknown Agency,Uttar Pradesh,1722.11,1,0,1,463.80554900563925,13.230511030573119,37.05151891050428,33
103821,Roads & Highways,Unknown Agency,Uttar Pradesh,1384.79,0,1,0,142.35406312842096,11.489786994797004,16.521234367732365,24
103822,Roads & Highways,Unknown Agency,Uttar Pradesh,2077.0,0,0,0,11.944350445433201,1.7521257019610346,-0.7908104412122845,2
103823,Roads & Highways,Unknown Agency,Uttar Pradesh,2009.11,0,0,1,379.0669108790869,12.418425804747642,12.112502511046628,10
103824,Roads & Highways,Unknown Agency,Uttar Pradesh,2289.52,0,0,0,127.39720841223857,6.556601502949164,-1.546717841026178,1
103825,Roads & Highways,Unknown Agency,Uttar Pradesh,1122.02,0,1,0,139.64939169622494,6.619598253796497,18.825352390232556,14
103826,Roads & Highways,Unknown Agency,Uttar Pradesh,1706.47,1,0,1,174.68981379061375,4.980901728097166,51.90166594548161,48
103827,Roads & Highways,Unknown Agency,Uttar Pradesh,1493.65,0,1,0,154.6438359134911,12.466721150174934,11.046169728379203,19
103828,Roads & Highways,Unknown Agency,Uttar Pradesh,617.88,0,1,0,112.3157689621251,13.520449027441874,16.704646902070003,7
103829,Roads & Highways,Unknown Agency,Uttar Pradesh,2966.63,0,1,1,656.63565068841,14.578068368308742,34.70647394035721,17
103830,Roads & Highways,Unknown Agency,Uttar Pradesh,646.27,1,0,0,155.2082405579481,10.025390499501416,29.382131909409235,23
103831,Roads & Highways,Unknown Agency,Uttar Pradesh,2158.2,1,0,1,624.173547272726,10.396697199963905,71.97523993417215,34
103832,Roads & Highways,Unknown Agency,Uttar Pradesh,188.87,0,0,1,28.59819575338159,14.051269785441175,11.604447903643887,8
103833,Roads & Highways,Unknown Agency,Uttar Pradesh,300.58,0,1,1,45.484030643121024,7.234221444463479,35.56908918268941,41
103834,Roads & Highways,Unknown Agency,Uttar Pradesh,2006.82,1,0,0,102.38226152335363,2.194314206425779,19.688412712354346,23
103835,Roads & Highways,Unknown Agency,Uttar Pradesh,1841.92,0,0,1,207.58367691588478,11.231137605116118,16.499075057186584,9
103836,Roads & Highways,Unknown Agency,Uttar Pradesh,1017.99,0,0,0,41.52898294144359,7.129172409907582,2.4120422168623286,1
103837,Roads & Highways,Unknown Agency,Uttar Pradesh,1377.51,1,0,0,258.3637130627419,9.972510739627864,25.743009191565964,18
103901,Others,Unknown Agency,"Arunachal Pradesh, Assam",1255.49,0,0,0,89.98771983619281,5.9686080106996116,0.695860275085733,-1
103838,Roads & Highways,Unknown Agency,Uttar Pradesh,775.94,0,0,0,100.51062928482725,13.015853225945513,1.010522444521535,-1
103839,Roads & Highways,Unknown Agency,Uttar Pradesh,1428.19,1,0,0,92.59828017464577,8.247528844058873,31.941978461885135,28
103840,Roads & Highways,Unknown Agency,Uttar Pradesh,1335.45,0,0,0,97.3867880796945,5.269137202292939,-1.5010794389633912,3
103841,Roads & Highways,Unknown Agency,Uttar Pradesh,578.02,0,0,0,82.7010946265861,10.907403445191061,-0.10456726299961927,0
103842,Roads & Highways,Unknown Agency,Uttar Pradesh,1602.48,0,0,0,129.70034330251687,10.818622861359273,-1.8837081235577637,3
103843,Roads & Highways,Unknown Agency,Uttar Pradesh,836.24,0,0,0,123.63049656804691,9.189143811788526,-1.8101398610919917,3
103844,Roads & Highways,Unknown Agency,Uttarakhand,192.54,0,0,0,23.347739521663698,14.592356799679685,1.4337751522771884,2
103845,Roads & Highways,Unknown Agency,Uttarakhand,192.22,0,0,0,9.342369841478387,8.394932791579194,-0.08631346221754077,1
103846,Roads & Highways,Unknown Agency,Uttarakhand,220.89,0,0,0,30.95089862131715,14.569874668854695,4.748929974299078,-1
103847,Roads & Highways,Unknown Agency,Uttarakhand,247.41,1,1,0,9.62337679793307,5.985886260016549,32.65266443330165,40
103848,Roads & Highways,Unknown Agency,Uttarakhand,251.88,0,0,0,34.44011483292259,10.101788095018144,3.3524828818485437,2
103849,Roads & Highways,Unknown Agency,Uttarakhand,418.89,0,0,0,62.28108372234993,15.86466074332023,0.7781271381075126,3
103850,Others,Unknown Agency,Uttarakhand,282.08,1,0,1,40.47776605426708,14.098785928799977,67.63351841120222,32
103851,Roads & Highways,Unknown Agency,Uttarakhand,344.73,0,0,1,54.962428322194015,14.791929496086262,14.698476874870119,12
103852,Roads & Highways,Unknown Agency,Uttarakhand,237.79,1,0,0,31.552743194489437,16.381309978845096,42.7592674031508,32
103853,Roads & Highways,Unknown Agency,Uttarakhand,346.82,0,0,0,38.09133011680981,12.462646889811161,2.5120494508948896,-1
103854,Roads & Highways,Unknown Agency,Uttarakhand,452.81,1,0,0,86.67948327318942,10.53471346001146,20.143812401786306,19
103855,Roads & Highways,Unknown Agency,Uttarakhand,299.31,0,0,0,18.048195812877452,9.538901387069785,-0.2534621076850623,3
103856,Roads & Highways,Unknown Agency,Uttarakhand,472.23,0,0,1,42.51496755267202,11.374183763033571,15.27473694591431,13
103857,Roads & Highways,Unknown Agency,Uttarakhand,573.96,0,0,1,128.0392897570594,13.038304774002768,24.55205921590747,21
103858,Roads & Highways,Unknown Agency,Uttarakhand,180.1,0,0,0,22.5730749393702,16.795359190856068,1.3490141771394635,1
103932,Water Resources,Unknown Agency,Maharashtra,848.07,1,0,0,71.99486672563249,11.225962647627906,17.06363569850302,30
103859,Others,Unknown Agency,Uttarakhand,258.85,0,0,0,49.40950579994971,11.806375658495092,3.0438170721224926,0
103860,Roads & Highways,Unknown Agency,Uttarakhand,603.92,0,0,0,98.23529235178373,13.418101672566294,2.838541516402243,0
103861,Others,Unknown Agency,Uttarakhand,649.6,0,0,0,117.87848992597594,17.138430012958686,3.8799849581650765,3
103862,Roads & Highways,Unknown Agency,Uttarakhand,197.26,0,0,1,29.64537435304467,9.237790894227931,31.578449801864327,11
103863,Others,Unknown Agency,Uttarakhand,273.76,0,0,0,16.773458601354037,9.285294706761121,1.1196053548059917,3
103864,Roads & Highways,Unknown Agency,Uttarakhand,346.5,0,0,0,16.37861740746513,8.5608214296156,4.23000380068931,3
103865,Roads & Highways,Unknown Agency,Uttarakhand,338.38,0,0,0,17.254269706177354,7.968499964792102,-1.7111269026895006,2
103866,Roads & Highways,Unknown Agency,Uttarakhand,292.76,0,0,0,20.592727745465567,9.491813245236045,3.9156753692653368,-1
103867,Roads & Highways,Unknown Agency,Uttarakhand,1383.78,0,0,0,164.69891083635525,10.771618492540497,1.71451126639734,1
103868,Roads & Highways,Unknown Agency,Uttarakhand,250.33,0,0,0,28.182628604503066,7.158024759698819,1.2828816618355834,3
103869,Roads & Highways,Unknown Agency,Uttarakhand,259.64,0,0,0,18.10482189391513,10.413531399443215,0.9482011040138136,3
103870,Others,Unknown Agency,Uttarakhand,216.68,0,0,0,36.73010230458257,12.28322312688448,2.103442719452027,1
103871,Roads & Highways,Unknown Agency,Uttarakhand,183.92,1,1,0,18.322719209744584,8.918560720229507,30.713244000370086,41
103872,Roads & Highways,Unknown Agency,Uttarakhand,216.97,1,0,0,9.696040763256173,3.2205657102104785,30.090346097920612,35
103873,Roads & Highways,Unknown Agency,Uttarakhand,1602.89,0,1,0,257.69874554585874,13.691420764495653,4.864763604155363,15
103874,Roads & Highways,Unknown Agency,Uttarakhand,1092.9,0,0,0,170.27417698238685,13.554820274902042,3.697900537779935,0
103875,Roads & Highways,Unknown Agency,Uttarakhand,715.97,1,0,0,106.09625087057265,8.965207094301633,40.35063180329851,26
103876,Roads & Highways,Unknown Agency,Uttarakhand,720.67,0,0,1,80.32311702074607,6.200948754369907,20.50339957578059,12
103877,Roads & Highways,Unknown Agency,Uttarakhand,742.43,0,0,0,136.95855205861045,15.062441952913936,3.9637683444599325,2
103878,Roads & Highways,Unknown Agency,West Bengal,304.83,1,0,0,15.82644541095506,7.955067464831295,41.263508409723585,16
103879,Roads & Highways,Unknown Agency,West Bengal,410.83,1,1,0,78.75436385108715,2.6972544129328453,46.36201167599141,51
103880,Roads & Highways,Unknown Agency,West Bengal,155.87,0,0,0,24.714183365380165,11.749134965611972,4.066599726641703,3
103881,Roads & Highways,Unknown Agency,West Bengal,271.17,0,0,0,32.34408020984023,7.780977211533944,4.068138697597552,3
103882,Roads & Highways,Unknown Agency,West Bengal,995.04,0,0,1,168.09513488211803,12.952074951097991,26.80794905979976,19
103883,Roads & Highways,Unknown Agency,West Bengal,311.02,0,0,0,63.91409780808593,12.01887155013111,-1.5810477622077512,0
103884,Roads & Highways,Unknown Agency,West Bengal,345.38,1,0,0,38.76557331029379,6.007343939739172,36.246468327256714,31
103885,Roads & Highways,Unknown Agency,West Bengal,402.94,0,0,0,74.81199011620077,9.964236048942233,-0.8855726199338783,2
103886,Roads & Highways,Unknown Agency,West Bengal,295.97,0,0,0,64.44494012131065,9.722990437696488,2.877529280253478,3
103887,Roads & Highways,Unknown Agency,West Bengal,309.99,1,0,0,77.85322313432977,10.074444466662683,30.122475143814857,25
103888,Roads & Highways,Unknown Agency,West Bengal,1818.46,1,0,0,252.60680177810838,6.227893433459059,20.02511178586419,35
103889,Roads & Highways,Unknown Agency,West Bengal,1212.56,0,1,0,121.29008108086558,8.867707071534255,16.901516107234755,17
103890,Roads & Highways,Unknown Agency,West Bengal,352.01,0,0,1,51.51054964595234,6.461093435812989,18.431415179034836,9
103891,Roads & Highways,Unknown Agency,West Bengal,201.1,0,0,0,35.83311261694439,9.40336366233603,-0.8348160447117445,2
103892,Roads & Highways,Unknown Agency,West Bengal,622.04,0,1,0,85.36258493608648,8.750791323385727,18.200114142311286,25
103893,Roads & Highways,Unknown Agency,West Bengal,557.55,1,0,1,66.96362809055185,6.223365169731238,34.39113210219275,52
103894,Roads & Highways,Unknown Agency,West Bengal,560.79,0,0,1,90.44146883473871,13.275505957910713,18.354528282743857,19
103895,Education,Unknown Agency,West Bengal,152.27,0,0,0,17.74713789754209,9.774883680372987,-1.114559061776804,2
103896,Roads & Highways,Unknown Agency,Delhi,248.2,1,0,0,41.613109918400596,10.656173236162921,44.274876077956165,24
103897,Others,Unknown Agency,"Andhra Pradesh, Bihar, Chhattisgarh, Jharkhand, Meghalaya",971.96,1,0,0,116.7124611227998,7.685376413332037,39.938432881418294,17
103898,Others,Unknown Agency,"Andhra Pradesh, Bihar, Chhattisgarh, Jharkhand, Madhya Pradesh, Maharashtra, Odisha, Telangana, Uttar Pradesh, West Bengal",1884.6,0,0,1,476.4982733720826,11.92911508843153,18.368320972870563,14
103899,Others,Unknown Agency,"Andhra Pradesh, Chhattisgarh, Madhya Pradesh, Maharashtra, Odisha, Telangana, Uttar Pradesh, West Bengal",1577.57,0,0,1,338.85320004944106,8.619978784001223,16.128062918520286,11
103900,Others,Unknown Agency,"Jharkhand, Maharashtra, Odisha",3685.0,0,0,1,209.78324880821185,8.308198366443918,28.18914609592185,21
103902,Others,Unknown Agency,"Rajasthan, Uttar Pradesh",421.65,1,0,0,61.9100318010869,7.539691646206716,33.366375792559865,27
103903,Others,Unknown Agency,Delhi,26316.0,1,0,0,4089.527975141733,10.003411468893876,31.935113467539423,13
103904,Others,Unknown Agency,Delhi,28466.0,0,0,0,3606.116760999221,12.729835070829736,1.0543903815246236,-1
103905,Others,Unknown Agency,Delhi,61109.0,0,0,1,9812.42505007019,10.820918838084587,28.563884254757685,13
103906,Others,Unknown Agency,Delhi,645.13,0,0,1,135.6386731591346,13.702379742658078,19.820605419809347,20
103907,Water Resources,Unknown Agency,Delhi,24544.55,1,0,0,6027.107642351097,10.950345067594355,43.19404493521278,31
103908,Water Resources,Unknown Agency,Bihar,413.29,1,0,1,101.90191181304523,4.9220688720157995,55.96791563933832,37
103909,Water Resources,Unknown Agency,Bihar,824.0,0,0,0,131.3496424676938,10.190953414322387,2.0490877956147626,2
103910,Others,Unknown Agency,Bihar,578.89,0,0,0,38.121250890229874,5.95295523545326,2.539490642145541,3
103911,Others,Unknown Agency,Bihar,230.06,0,0,0,44.168057334205116,11.703227769332898,2.8378866918782863,2
103912,Others,Unknown Agency,Bihar,305.19,0,0,0,28.97824314167599,10.829337767589273,2.0783342684923074,1
103913,Others,Unknown Agency,Uttar Pradesh,842.25,0,0,0,92.79025386490741,15.583173938233955,4.9322739350330735,1
103914,Others,Unknown Agency,Uttar Pradesh,690.71,0,1,0,48.32110270234716,12.569712893298245,10.674327475512225,27
103915,Water Resources,Unknown Agency,West Bengal,154.73,1,0,1,38.413613180740654,17.346925221876766,48.27614469993443,42
103916,Water Resources,Unknown Agency,Andhra Pradesh,353.05,1,0,0,63.20237048947004,5.063635293484543,18.833012898637648,28
103917,Water Resources,Unknown Agency,Andhra Pradesh,397.41,0,0,0,51.003763301673814,9.92688509190073,-1.5473876435022131,0
103918,Water Resources,Unknown Agency,Andhra Pradesh,10151.04,0,0,0,964.1442835652297,14.284525808251765,-1.7843847551329524,3
103919,Water Resources,Unknown Agency,Assam,256.16,0,1,0,25.92304363413099,8.503657272125754,6.93926303980175,13
103920,Water Resources,Unknown Agency,Chhattisgarh,459.97,0,0,1,58.28335101796179,9.109167772718664,16.102774643798256,11
103921,Water Resources,Unknown Agency,Chhattisgarh,382.29,0,0,0,15.354715721276818,6.75604086868438,1.624201368631791,-1
103922,Water Resources,Unknown Agency,Gujarat,5021.76,1,0,0,123.05048826109707,8.891344316367052,17.066392117031505,33
103923,Water Resources,Unknown Agency,Gujarat,20718.17,0,0,0,2525.035688576938,6.943563943548124,0.8785649437588257,2
103924,Water Resources,Unknown Agency,Jharkhand,3807.77,1,0,0,316.08044221687203,7.92494120133969,30.206401660314118,19
103925,Water Resources,Unknown Agency,Karnataka,770.16,0,0,0,127.15936994169283,9.737951658029399,3.2650397949569143,2
103926,Water Resources,Unknown Agency,Madhya Pradesh,648.09,0,0,1,46.51626158219176,7.603104757810717,19.924290943606167,12
103927,Water Resources,Unknown Agency,Madhya Pradesh,751.03,0,0,0,103.50000748905896,7.818087905648568,3.036144646362418,2
103928,Water Resources,Unknown Agency,Madhya Pradesh,1229.15,1,0,0,264.4514305796186,7.6895068936677085,41.300445973873416,23
103929,Water Resources,Unknown Agency,Maharashtra,743.73,0,0,0,29.94134795163393,7.015888539448511,-0.03700488114839695,0
103930,Water Resources,Unknown Agency,Maharashtra,580.79,0,1,0,74.24961213333665,12.28469214928866,12.698401510572126,23
103931,Water Resources,Unknown Agency,Maharashtra,2407.67,0,1,1,546.6248343967709,11.353669783282072,39.04282131900232,25
103940,Water Resources,Unknown Agency,Manipur,1449.44,0,0,0,85.55392394279102,8.787748701808795,2.0380474208402966,-1
103941,Water Resources,Unknown Agency,"Bihar, Jharkhand",1622.27,0,0,0,226.97080913643515,9.60120882960854,4.383611690559081,1
103942,Water Resources,Unknown Agency,"Madhya Pradesh, Uttar Pradesh",21030.0,0,0,0,3043.3910780279703,9.3918514740366,1.9865220237732455,3
103943,Water Resources,Unknown Agency,Odisha,567.03,0,1,1,24.726237582978154,2.638134088800583,24.510292171305732,32
103944,Water Resources,Unknown Agency,Odisha,3055.88,0,0,0,402.21426885157496,11.309673243879818,2.83087885296003,1
103945,Water Resources,Unknown Agency,Odisha,989.43,0,0,1,152.19813125612956,8.61788515672998,26.304488644160724,21
103946,Water Resources,Unknown Agency,Punjab,1441.26,0,0,0,56.78633650512393,5.495805480136681,-0.4657813815689278,-1
103947,Water Resources,Unknown Agency,Punjab,2285.81,0,0,0,395.9350352519243,12.917252897043014,2.6833461029082546,-1
103948,Water Resources,Unknown Agency,Telangana,736.13,0,0,0,76.90836911652309,11.191247398533555,-1.513931694866896,1
103949,Water Resources,Unknown Agency,Telangana,1331.3,0,0,0,164.4797831320185,12.027803739142527,0.42940304800178186,2
103950,Water Resources,Unknown Agency,Telangana,8200.71,0,0,0,897.8811969493365,11.024419436553895,-0.6422418360065474,3
103951,Water Resources,Unknown Agency,Telangana,1402.0,0,1,1,158.48602817460994,10.569477163129509,38.28739675388167,33
103952,Water Resources,Unknown Agency,Uttar Pradesh,1672.7,0,1,0,343.8782867172458,11.277518850921055,12.653038507548725,15
103953,Water Resources,Unknown Agency,Uttar Pradesh,219.9,1,0,1,17.729636571666795,7.9568085562137405,67.96115516185179,41
103954,Water Resources,Unknown Agency,Uttar Pradesh,1060.67,1,0,1,215.474267074537,13.342226185758136,53.771469375098064,31
103955,Others,Unknown Agency,Uttarakhand,2584.1,0,0,0,297.13278011364105,8.823242883101518,4.309119099053934,1
